Account Name,Partner Category
100,Fee Transparency
1059 Creative,Website Agency
118 Group,Website Agency
"15 Degrees, LLC",Content; Data Integration
160over90,Content
1 On 1 InternetMarketing,Website Agency
20for20,Needs Audited
30 Lines,Website Agency
365 Connect,Website Agency
3D Apartment,Unit Map Consumer (SYN)
3DPlans,Content; Contractor (to Engrain); Service Provider (for clients)
3DR Search Marketing,Content
517 Search Labs,Content; Promo/Marketing; Website Agency
5280 Parking,Unit Map Consumer (SYN)
55places,Fee Transparency; Unit Map Consumer (SYN)
97 Switch,Website Agency
A7 Consulting,Investor
AB Sketches,Website Agency
Accushield,Unit Map Consumer (SYN)
Actionfi,Needs Audited
Actionfigure,Influencer
Activ Answer,Unit Map Consumer (SYN)
Adept Marketing,Website Agency
Adhesive Marketing,Website Agency
Adhoc Studio,Content
ADT Security,Unit Map Consumer (SYN)
Advantage Publications & Marketing,Website Agency
aenoch,Website Agency
Aerwave,Promo/Marketing; Unit Map Consumer (SYN)
Affinity Waste Solution,Unit Map Consumer (SYN)
AffordableHousing.com,Fee Transparency
After55.com,Fee Transparency; Unit Map Consumer (SYN)
Agence Six,Content
Agency Entourage,Website Agency
Agency FIFTY3,Website Agency
Agency Off Record (AOR),Website Agency
Agent Image,Website Agency
Agile Pixel Studio,Content; Website Agency
"Aigentless, Inc.",Unit Map Consumer (SYN); Website Agency
Airbnb,Unit Map Consumer (SYN)
AirGarage,Unit Map Consumer (SYN)
AKH Digital,Content; Website Agency
Alarm.com Inc.,
Alfred,Unit Map Consumer (SYN)
Align 3D,Content
Allegheny Answering Service,
Alliants,Unit Map Consumer (SYN)
Allis,Website Agency
Ally Waste,Unit Map Consumer (SYN)
Almonte Creative,Website Agency
"ALN Apartment Data, Inc.",SightMap Consumer (SYN)
Amazon.com,Unit Map Consumer (SYN)
Amber,Fee Transparency
Ambient Property Technologies,Unit Map Consumer (SYN)
AM Digital,Needs Audited
Amenify Corp,Outbound Links; Unit Map Consumer (SYN)
Americaneagle.com,Website Agency
Amplify Media,Website Agency
Analog Digital,Website Agency
Angell Marketing,Website Agency
Anstey Hodge Advertising Group,Website Agency
Anyone Home Inc.,Fee Transparency; Unit Map Consumer (SYN)
AOG Digital,Website Agency
Apartment Data Services LLC,SightMap Consumer (SYN); Unit Map Consumer (SYN)
Apartment Factor LLC,Website Agency
Apartment Finder,Fee Transparency; Unit Map Consumer (SYN)
ApartmentGuide,Unit Map Consumer (SYN)
Apartment Home Living,Fee Transparency; Unit Map Consumer (SYN)
Apartment Ideas,Content
ApartmentIQ,Unit Map Consumer (SYN)
Apartment Layouts,Website Agency
Apartment Life / CARES,Needs Audited
Apartment List,Fee Transparency; Unit Map Consumer (SYN)
ApartmentRatings,Fee Transparency; Unit Map Consumer (SYN)
Apartments.com,Fee Transparency; Unit Map Consumer (SYN)
Apartments247,Website Agency
Apartment SEO,Content; Website Agency
A Place For Mom Inc,Unit Map Consumer (SYN)
AppFolio,Data Integration; Website Agency
AppWork,Unit Map Consumer (SYN)
Apt Amigo,Unit Map Consumer (SYN)
APT Locator,Promo/Marketing
Aptly,Unit Map Consumer (SYN)
ArchVisuals Inc.,Content
Arize,Unit Map Consumer (SYN)
Arnold Imaging,Content
Artbox Creative Studios,Website Agency
Artic Consulting,Needs Audited
Art Of Strategy Consulting,Website Agency
Ashlar Projects,Website Agency
Ashton Design,Website Agency
Ask4Tech Web Solutions,Website Agency
Assa Abloy,Unit Map Consumer (SYN)
Assurant,Unit Map Consumer (SYN)
Atal,Needs Audited
AtlanticCityDirect.us,Website Agency
Attane (GlynnDevins),Content; Website Agency
Attom Data Solutions,Needs Audited
Authentic Form and Function,Website Agency
Avesdo,Unit Map Consumer (SYN)
Avigilon,Unit Map Consumer (SYN)
Avo,Unit Map Consumer (SYN)
AWP Media,Website Agency
AXIOMetrics,Unit Map Consumer (SYN)
Bake Extra Cookies,Fee Transparency; Needs Audited
Bam Digital,Website Agency
Banana Stand Inc,Website Agency
Bark Buildings,Unit Map Consumer (SYN)
Barsala,SightMap Consumer (SYN)
Base2,
Beacon,Website Agency
Beans,Unit Map Consumer (SYN)
Beanstalk Web Solutions,Website Agency
Beekin,Unit Map Consumer (SYN)
BeHome247,Unit Map Consumer (SYN)
Belfor Property Restoration,Unit Map Consumer (SYN)
Bellhop,Unit Map Consumer (SYN)
Bespoke Luxury Marketing,Website Agency
BetterBot,Fee Transparency; Unit Map Consumer (SYN)
Better Links Media,Website Agency
BetterNOI,Content; Website Agency
Beyond the Agency,Investor
BHFMC LLC,Website Agency
Bicycle Creative,Fee Transparency; Website Agency
bigeye,Content; Website Agency
Bigfin,Website Agency
Bild & Company,Unit Map Consumer (SYN)
Billee,Fee Transparency
Bilt,Fee Transparency; Unit Map Consumer (SYN)
Birdeye Inc,Needs Audited
Bitter Sweet Creative,Content
Biznet Digital,Content; Website Agency
Blinebury Design,Website Agency
BLKBOX,Website Agency
block.a,Unit Map Consumer (SYN)
"Blue Blazes, LLC",Needs Audited
Blue Compass Interactive,Website Agency
Blue Fingerprint,Content
Blue Matrix Media,Content
BlueModus,Website Agency
Blue Moon,Fee Transparency
BlueRim Networks,Unit Map Consumer (SYN)
BluLok,Needs Audited
Bode Digital,Website Agency
Boingo,Unit Map Consumer (SYN)
Boldrviz,Data Integration
Bonfire,SightMap Consumer (SYN); Unit Map Consumer (SYN); Website Agency
"Boston Pads, LLC",Fee Transparency; Unit Map Consumer (SYN)
Botco.ai,Needs Audited
BOXBROWNIE.COM,Content
Bradford Allen Realty Services,Website Agency
Brandcast,Website Agency
Brand Collective Inc,Website Agency
Branden W,Content; Website Agency
Branding Iron,Website Agency
Brandthropology,Website Agency
Brave New Day,Content; Website Agency
Brave People,Website Agency
Breezeway,Unit Map Consumer (SYN)
Brilliant Smart Home,Unit Map Consumer (SYN)
Brindle Digital Marketing,Content; Website Agency
Brio Marketing and Design,Website Agency
Brivo,Unit Map Consumer (SYN)
Brook Furniture Rental,Service Provider (for clients)
Brynson,Fee Transparency; Promo/Marketing; Unit Map Consumer (SYN)
B Square Web,Website Agency
BT Creative,Content; Website Agency
Bucktrout Creative,Website Agency
BUHV Designs,Website Agency
Building Bridge,Website Agency
Building Link,Unit Map Consumer (SYN)
Bullseye Creative,Content; Website Agency
Burder Creative,Website Agency
Burrit Design,Website Agency
Butchershop Creative Company,Content; Website Agency
ButterflyMX,Unit Map Consumer (SYN)
Bytes,Website Agency
CA Marketing,Website Agency
Camber Creek,Investor
Camp Facility Services,Unit Map Consumer (SYN)
Canopy Analytics,Unit Map Consumer (SYN)
Captiva Marketing,Website Agency
Caremerge Inc,Needs Audited
Carson,Unit Map Consumer (SYN)
Casey Creative,Website Agency
Castaway Labs,Website Agency
CasualSushi,Website Agency
Catalyst Interiors,Vendor (to Engrain)
Catalyst Marketing Agency,Website Agency
CB Design NY,Website Agency
CEA Marketing Group,Content
Cenco,Needs Audited
Centex Construction,Unit Map Consumer (SYN)
Ceros,Website Agency
Chamberlain,Unit Map Consumer (SYN)
Chameleon Power,Content
ChatterBuzz Media,Content
CheckpointID LLC,
Cherre Inc,Needs Audited
Chip Thompson Design,Website Agency
Chirp Systems,Unit Map Consumer (SYN)
CINC,Unit Map Consumer (SYN)
Circuit,Data Integration
Citizen,Website Agency
CKO Digital,Content; Website Agency
Clarity Marketing Studio,Website Agency
Classic City Consulting,Website Agency
Claudia Ross Consulting,Needs Audited
Clear pH Design,Fee Transparency; Website Agency
ClearSketch,Website Agency
CleverBirds,Content
Cloudastructure,Unit Map Consumer (SYN)
CloudMellow,Website Agency
CLYint,Data Integration; Website Agency
CMA Designs,Website Agency
"CodeBox, Inc.",Needs Audited
CodingwithCarl,Website Agency
Cohere,Website Agency
COHN Marketing,Content
Colony,Website Agency
Comet Creative,Website Agency
Command & Query,Website Agency
Community Boss,Unit Map Consumer (SYN); Website Agency
Co-motion,Website Agency
Conduit,SightMap Consumer (SYN)
"Connors Advertising & Design, Inc",Website Agency
Conor Edwards,Website Agency
Conservation Labs,Unit Map Consumer (SYN)
Conservice,Unit Map Consumer (SYN)
"Consolidated Fire Protection, LLC",Unit Map Consumer (SYN)
Contrast Design Studio,Content
Conversion Logix,Website Agency
CO OP Brand Company,Website Agency
Corcoran Sunshine,Website Agency
CORE Creative & Strategy,Website Agency
Core PHP,Website Agency
Corrigo,Unit Map Consumer (SYN)
CORT,Outbound Links
Cortex Creative,Needs Audited
Cortland Virtual Tours,Content
Cotton,Unit Map Consumer (SYN)
CPS,Promo/Marketing; Service Provider (for clients)
Creative Mindworks,Website Agency
Creativ Endeavor,Website Agency
Creative Slice,Content; Website Agency
Creative Soldier,Content; Website Agency
CreativeThemes,Website Agency
Crestmark Construction Services,Unit Map Consumer (SYN)
Criterion.B,Website Agency
Cubby,Data Integration
Curio,Content
CuriousRubik,Unit Map Consumer (SYN)
Cutting Edge Concepts,Website Agency
Cuzma Hub,Outbound Links; Promo/Marketing; Website Agency
Cybersuite,Unit Map Consumer (SYN)
Cyber Sytes Inc,Website Agency
D*MNGOOD,Website Agency
Dapper + Associates,Website Agency
David Riley Associates,Website Agency
Davis Harrison Dion,Website Agency
Daylight Studio,Website Agency
DB Marketing,Website Agency
DCW Design,Website Agency
DCWireNet,Website Agency
Deaton Web Design,Website Agency
DeliverHere,Unit Map Consumer (SYN)
Della Connect,Unit Map Consumer (SYN)
Delucchi,Website Agency
Dement Designs,Website Agency
DeNovo,Content; Website Agency
De Novo Digital,Website Agency
Denver Creative Media,Website Agency
Denyse Companies,Website Agency
DeployStaff,Unit Map Consumer (SYN)
Design by Fit,Website Agency
Design Collective,Website Agency
DesignEdge,Website Agency
Design Floor Plan,Content; Influencer
DesignLoud Agency,Content; Website Agency
Design Mester,Website Agency
DevQ,Website Agency
Dextel,Website Agency
Didio and Associates,Promo/Marketing
Diffe.rent,Unit Map Consumer (SYN)
Digible,Content; Fee Transparency; Website Agency
Digital Strike,Unit Map Consumer (SYN)
Digitas,Fee Transparency
DIGITECH Web Design,Website Agency
Dimensional Communications,Installer
Dippidi,Outbound Links
Direct Supply,Unit Map Consumer (SYN)
DISH,Unit Map Consumer (SYN)
Dixie Carpet Installations,Unit Map Consumer (SYN)
Dodd Creative Group,Content; Website Agency
DOERR,Content; Website Agency
Doerr Associates,Website Agency
Dogs Name,Website Agency
Domu,Unit Map Consumer (SYN)
Domuso,Unit Map Consumer (SYN)
Doodle & Code,Needs Audited
Door,Unit Map Consumer (SYN)
"DoorDash, Inc.",Unit Map Consumer (SYN)
DoorSide Valet,Unit Map Consumer (SYN)
Doorstep,Promo/Marketing; Unit Map Consumer (SYN)
dormakaba,Unit Map Consumer (SYN)
Double Dutch,Website Agency
Dulce Design,Website Agency
"Dwell Design Studio, LLC",Needs Audited
Dwellsy,Unit Map Consumer (SYN)
Dyverse,Website Agency
e360,Website Agency
Eano,Unit Map Consumer (SYN)
Ecendant Interactive,Website Agency
ecobee,Unit Map Consumer (SYN)
Eddy Solutions,Unit Map Consumer (SYN)
Efflux Creations,Needs Audited; Promo/Marketing
Effortless Ads,Promo/Marketing
Eighty Three Creative,Content; Website Agency
Elaine Williams Consulting Services,Influencer
Eldermark,Data Integration
Elegant Themes,Website Agency
Elevate,Unit Map Consumer (SYN)
Elevate Advertising,Content
EliseAI,Fee Transparency; SightMap Consumer (SYN); Unit Map Consumer (SYN)
Ellen Bruss Design,Website Agency
Ellis Partners in Management Solutions (EPMSOnline),Unit Map Consumer (SYN)
Elschwartzo Design,Website Agency
Embue inc.,Unit Map Consumer (SYN)
Enertiv,Service Provider (for clients)
Engenius,Website Agency
Engine Digital,Website Agency
Enquire Solutions,Data Integration
Entrata,Data Integration; Website Agency
Envida Group,Needs Audited
Envida Social,Website Agency
Enviro Spark,Unit Map Consumer (SYN)
Epinote,Data Integration
Epiphany,Website Agency
ePremium Insurance,Unit Map Consumer (SYN)
Escape Creative,Website Agency
E-Stream Systems,Content; Website Agency
Evincible Design Co.,Needs Audited
Evolution Virtual,Content; Fee Transparency; Unit Map Consumer (SYN)
"Evolve, Inc.",Website Agency
Evolve Systems,Website Agency
Expedia Group,
EyeSpy360 Ltd,Content; Outbound Links; Unit Map Consumer (SYN)
Facilio Inc,Unit Map Consumer (SYN)
Falkbuilt,Promo/Marketing
Fernish,
Fervor Creative,Website Agency
Fetch,Unit Map Consumer (SYN)
FidelityEHR,
FIDUS Construction Services,Unit Map Consumer (SYN)
Findigs,Fee Transparency; Unit Map Consumer (SYN)
Find My Place,Fee Transparency
FINE,Website Agency
Finsweet,Website Agency
Firespring Inc,Content; Website Agency
FirstNet,SightMap Consumer (SYN)
FIVE19 Creative,Website Agency
Five Creative Group,Website Agency
Five Nineteen,Content
Flair,Fee Transparency
Flamingo,Unit Map Consumer (SYN)
Floor & Decor,Needs Audited
Floor Plan Imaging LLC,Content
FloorPlanOnline,Content
Floor Plans 3D,Content
Fluency,Fee Transparency
FLUX Branding,Content; Website Agency
Flying V Group,Website Agency
Flywheel,Needs Audited
"Focus Design Interiors, Inc.",Service Provider (for clients)
Fogpilot,Website Agency
Foreword Development,Website Agency
ForRent.com,Fee Transparency; Unit Map Consumer (SYN)
ForRentUniversity.com,Fee Transparency; Unit Map Consumer (SYN)
"Forsyth Consulting, Inc.",Needs Audited
FORT,Website Agency
Forthea,Website Agency
Fortress Consulting Group,Content; Website Agency
Fortress Technology Solutions,Data Integration
Fource Communications,Website Agency
Four Columns Marketing,Content
Foxen,Unit Map Consumer (SYN)
Fred Advertising,Website Agency
Fred Branded,Content
Freight Ninja LLC,Unit Map Consumer (SYN)
Fresh Interactive,Website Agency
Frontdesk LLC,Unit Map Consumer (SYN)
FSI Construction,Unit Map Consumer (SYN)
Funkhaus,Website Agency
Funnel,Fee Transparency; Outbound Links; SightMap Consumer (SYN)
Further,Unit Map Consumer (SYN)
Fusion Media Systems,Needs Audited
Garbage Grabbers,Unit Map Consumer (SYN)
GDE Renovations,Unit Map Consumer (SYN)
Geisler Young,Website Agency
Gemstar Construction Company,Unit Map Consumer (SYN)
Genio Digital Agency,Website Agency
Geo-Comm Inc,Unit Map Consumer (SYN)
GetCovered,Unit Map Consumer (SYN)
Get My Parking,SightMap Consumer (SYN); Unit Map Consumer (SYN)
Get Phound,Website Agency
Get Virtual,Content
GiGstreem LLC,
Giles-Parscale,Website Agency
Global Payments Inc.,Influencer
GlobeSt.com,Press/Association
GoHooper,Website Agency
Go Local,Content; Website Agency
Gorillas,Unit Map Consumer (SYN)
GoRoverGo,Unit Map Consumer (SYN)
GoToMyApartment,Website Agency
Governale Group,Website Agency
GPIntelligence,Website Agency
Grace Hill Inc.,Fee Transparency; SightMap Consumer (SYN); SightMap REST API Consumer; Unit Map Consumer (SYN)
Green Door,Unit Map Consumer (SYN)
Green Grass Studios,Content; Website Agency
Green Stick Marketing,Website Agency
Greenstill Living,Unit Map Consumer (SYN)
GreenT,Unit Map Consumer (SYN)
Greenworks Studio,Investor
Greystar Client Services,Needs Audited
Greystar Creative Services,Needs Audited
Grigg Graphic Services,Website Agency
GRIP,Needs Audited
GRO,Website Agency
Groove Technology Solutions,Promo/Marketing
Grotto AI,Needs Audited
Group8 Marketing,Website Agency
Gryd,Content; SightMap Consumer (SYN)
GTMA,Website Agency
Guardian Construction Co,Unit Map Consumer (SYN)
Gulf Coast Web Design,Website Agency
GYK Antler,Website Agency
Habi Solutions,Unit Map Consumer (SYN)
HappiNest.AI,Needs Audited
HappyCo,Unit Map Consumer (SYN)
Haven Design Studio,Content
Hazel and Ku,Website Agency
HDSF,Website Agency
Heavens to Betsy,Website Agency
Heco Partners,Website Agency
Helium Creative,Website Agency
Helix Media 360,Content
HelloData,Unit Map Consumer (SYN)
Henri,Unit Map Consumer (SYN)
Here,Unit Map Consumer (SYN)
Highform,Website Agency
HighRock,Website Agency
Hilltop Design Inc,Website Agency
HIO,SightMap Consumer (SYN); Unit Map Consumer (SYN)
HireApp,Unit Map Consumer (SYN)
Homer Agency,Website Agency
Homes.com,Fee Transparency
Honest Creative,Website Agency
Honest Fox,Website Agency
Hook Agency,Data Integration
HotPads Inc,Fee Transparency; Unit Map Consumer (SYN)
House Lens,Content
House of NIMART,Needs Audited
Huemor,Website Agency
Human Shapes,Website Agency
Hume Creative Studio,Website Agency
Hunt,Data Integration
HV Real Estate Media,Content
Hyly,Content; Fee Transparency
HYRO,Unit Map Consumer (SYN)
HZDG,Website Agency
iApartments,Unit Map Consumer (SYN)
iBec Creative,Data Integration
IDEA ASSOCIATES,Website Agency
idealgrowth,Website Agency
Identity Marketing Group,Needs Audited
iDesign LLC,Website Agency
ID Plans,
IF STUDIO/,Website Agency
IlluminAge Communication Partners,Website Agency
iluminere,Website Agency
Impactful Apartment Marketing,Needs Audited
Impact Marketing Co.,Website Agency
Impact Trash Solutions,Unit Map Consumer (SYN)
Inclood,
Incroy,Needs Audited
INDIRAP,Content
Infinitee,Content; Website Agency
Infinityy,SightMap Consumer (SYN)
Infomedia,Website Agency
Informed Response,
Inhabit,Data Integration; Fee Transparency; Unit Map Consumer (SYN)
In Motion Care,Unit Map Consumer (SYN)
Innflow,Needs Audited
Innovative NOI,Unit Map Consumer (SYN)
Inovonics Wireless Corp,Unit Map Consumer (SYN)
InResi,Fee Transparency
Inside Maps,Outbound Links
Insured AI,Unit Map Consumer (SYN)
Intentional Marketing,Website Agency
Interactive Marketeers,Content
Interface Multimedia (IFMM),Website Agency
Internet Exposure,Data Integration
InterRent,Investor; Unit Map Consumer (SYN)
Invictus Management,Unit Map Consumer (SYN)
Iotas,Unit Map Consumer (SYN)
iRestify,Unit Map Consumer (SYN)
ISOM Collective,Website Agency
IT49 Multimedia,Website Agency
iZone Marketing,Data Integration
J. Turner Research,
Jackson Murphy,Website Agency
Jacob Gleason,Website Agency
Janus International Group LLC,
Jayray,Website Agency
Jethog,Website Agency
Jet Waste Services,Unit Map Consumer (SYN)
JH Website Design,Website Agency
Jibe Media LLC,Website Agency
Jill Test Co,Needs Audited
Joey AI,Website Agency
Johnson & Richter Creative,Website Agency
Jonah Digital,Fee Transparency; SightMap Consumer (SYN); Unit Map Consumer (SYN); Website Agency
Journey Creative Group,Website Agency
JR Creative,Website Agency
JSTOKES Agency,Website Agency
JUMPEM,Website Agency
Junex,Website Agency
Juno,
Kairos,Unit Map Consumer (SYN)
Kasa,Unit Map Consumer (SYN)
Kastle,Unit Map Consumer (SYN)
Keycafe,Content
Keyholder,Needs Audited
KeyTrak,Unit Map Consumer (SYN)
KEZA Media,Website Agency
Kigo Inc,Unit Map Consumer (SYN)
King Graphic Design,Website Agency
KingsleySurveys,Needs Audited
Knightsbridge Park,Website Agency
Knock,Outbound Links; Unit Map Consumer (SYN)
"Knowtion, Inc.",Website Agency
Knucklehead Productions,Website Agency
Kola Co.,Website Agency
Koncept Design Studio,Website Agency
Korn,Website Agency
Kovach Marketing,Content; Website Agency
Kreative Media,Website Agency
Kuula,Content
L.E.T. Group,Website Agency
Laidlaw Group LLC,Website Agency
Landing,Unit Map Consumer (SYN)
Landlord Tech,Unit Map Consumer (SYN)
Landlord Web Solutions,Data Integration
Larimer & Co,Website Agency
Lasso,Data Integration
Latchel,Unit Map Consumer (SYN)
Lavanda,Unit Map Consumer (SYN)
Lavidge,Website Agency
LCP Media,Outbound Links; SightMap Consumer (SYN)
Leadtooth,Website Agency
Leap Easy,Data Integration
LeaseHawk,SightMap Consumer (SYN); Unit Map Consumer (SYN)
LeaseLeads,Fee Transparency; Website Agency
LeaseLock,Unit Map Consumer (SYN)
Leasera,Unit Map Consumer (SYN)
Lease UP,Website Agency
LeasingAI,Data Integration; Fee Transparency; Unit Map Consumer (SYN)
Leni,Unit Map Consumer (SYN)
Leonardo247,Unit Map Consumer (SYN)
Lessen,Unit Map Consumer (SYN)
LevLane Advertising & PR,Website Agency
Lewis Communications,Website Agency
Lexicon Travel Technologies,
Lighthouse Storage Solutions,Needs Audited
Lightspeed HQ,Unit Map Consumer (SYN)
Lineups,Data Integration; Website Agency
Lions & Legacy,Website Agency
Liquified Agency,Website Agency
LivingNY,Needs Audited
Livly,Unit Map Consumer (SYN)
LJG Partners,Website Agency
Local Logic,Data Integration
Locus Storage Group,Needs Audited
Lodgeur,Unit Map Consumer (SYN)
Lofty Media,Website Agency
Logical Buildings,Unit Map Consumer (SYN)
London Computer Systems,Website Agency
Love & Company,Content; Website Agency
Lula,Unit Map Consumer (SYN)
LulaFit,Unit Map Consumer (SYN)
Lumi Hospitality,Website Agency
Lund Solutions,Website Agency
Lunia Blue Graphics,Website Agency
Luxer One,Unit Map Consumer (SYN)
Luxury Presence Inc,Website Agency
LZ Strategic,Needs Audited
Mabble Media,Website Agency
Machobear Studios Inc.,Fee Transparency; Unit Map Consumer (SYN); Website Agency
MadCap Marketing,Website Agency
ManageAmerica,Content
Maniac Agency,Website Agency
Mantis 3D,Content
MapBox Inc,Unit Map Consumer (SYN)
Map-It-Today,Promo/Marketing
Mapped,Data Integration; Unit Map Consumer (SYN)
Mappedin,Content
MapsPeople,
Marcy Design,Website Agency
Markentum,Website Agency
Markerr,
Market Apartments,Website Agency
Marketplace Excellence Corp,Website Agency
Matador Digi,Website Agency
Matchbook,Website Agency
Matchbox Studio,Website Agency
Matrix2 Advertising,Promo/Marketing
Matrix Construction Services,Unit Map Consumer (SYN)
Matterport,Content
"Mauge, Inc.",Website Agency
McDonald Telecom Consulting LLC,Unit Map Consumer (SYN)
McKnight's Long-Term Care News,Press/Association
Merge Design & Interactive,Website Agency
Meridian Media Works,Website Agency
Merrick Creative,Website Agency
Merrick Creative Co.,Website Agency
Merrick Towle Creative,Website Agency
Metroplex 360,Content
Metropolis,Unit Map Consumer (SYN)
Metrostudio,Website Agency
Mikell Ad + Design,Website Agency
Milesbrand,Website Agency
Millennial Specialty Insurance,Unit Map Consumer (SYN)
Millennium Marketing Solutions,Website Agency
Mint House,Unit Map Consumer (SYN)
Mixed Media Creations,Website Agency
"MJF Consulting, Inc.",Needs Audited
MKT Consulting,SightMap Consumer (SYN); Reseller
MLA Canada (McNeill Lalonde & Associates),Needs Audited
MLZ Creative,Promo/Marketing
Mobile Doorman,
Modern Earth,Website Agency
Modern Message,Needs Audited
Momentum,Needs Audited
Moniker Design,Promo/Marketing
Montana Steele Advertising Inc.,Website Agency
Monument,Unit Map Consumer (SYN)
Moonlit Media,Website Agency
Motili,Unit Map Consumer (SYN)
"Motorola Solutions, Inc.",SightMap Consumer (SYN); Unit Map Consumer (SYN)
Moved,Unit Map Consumer (SYN)
Movinghub,Unit Map Consumer (SYN)
MovingIn,Unit Map Consumer (SYN)
MPN Media & Marketing,Website Agency
MRI Software,Data Integration
Multifamily.digital,Content; Website Agency
"Multifamily Innovation Lab, LLC",Content; Press/Association
Multi-Family Pro,Website Agency
Multimedia Solutions,Needs Audited
MVC Agency,Website Agency
NDG Communications,Website Agency
Neighbor,Unit Map Consumer (SYN)
Neo Design,Website Agency
Neoscape,Website Agency
Neptune Ventures,Website Agency
NerdStuds,Website Agency
NetVendor,Unit Map Consumer (SYN)
New World Group,Website Agency
Nextsulting,Website Agency
Nickerson,Website Agency
NIC MAP Vision,Unit Map Consumer (SYN)
Nine Four Ventures LP,
Noke,Unit Map Consumer (SYN)
Notifii,
No Walls Studio,Website Agency
NRG Energy,Unit Map Consumer (SYN)
NterNow,Unit Map Consumer (SYN)
NurtureBoss,Outbound Links
Nutiliti,Unit Map Consumer (SYN)
Objekt 360,Content
Oda,Content
Ollie,Unit Map Consumer (SYN)
Omaha SEO Company,Website Agency
OMFGCO,Website Agency
OMG.re,Website Agency
One Day,Influencer
One Design Company,Website Agency
OneSeven Agency,Website Agency
One Shot Productions,Website Agency
One Tap Away,Unit Map Consumer (SYN)
Onsite Analytics,Unit Map Consumer (SYN)
OpenSpace,
OpenTech Alliance,Unit Map Consumer (SYN)
OpenVia,Unit Map Consumer (SYN)
Opiniion Inc,Promo/Marketing
Orange,Unit Map Consumer (SYN)
"Orchard, Inc.",Website Agency
Oszie,Website Agency
"Outer Realm, LLC",Content; Website Agency
Outhouse LLC,Content
Overit,Needs Audited
Overlap Interactive,Website Agency
Oyster Data,Unit Map Consumer (SYN)
P11 Creative,Website Agency
"Package Concierge, Inc.",Unit Map Consumer (SYN)
PadMapper,Unit Map Consumer (SYN)
Paradigm Marketing & Creative,Website Agency
Parasol Alliance,Press/Association; Promo/Marketing; Reference Partner; Service Provider (for clients)
Parkable Ltd,Unit Map Consumer (SYN)
Parkade,Unit Map Consumer (SYN)
Parking Snap,Unit Map Consumer (SYN)
PassiveLogic,Unit Map Consumer (SYN)
Pavlov Media,Unit Map Consumer (SYN)
PDQ Locks,Unit Map Consumer (SYN)
Peek,Fee Transparency; Outbound Links; Unit Map Consumer (SYN)
PenguinIN,Unit Map Consumer (SYN)
People People,Content; Website Agency
Perficient,Website Agency
PERQ,Content; Fee Transparency; Website Agency
Pest Share,Unit Map Consumer (SYN)
PetScreening,Unit Map Consumer (SYN)
Phunware Inc,Unit Map Consumer (SYN)
Pilar Tech,Unit Map Consumer (SYN)
PIlot Interactive,Unit Map Consumer (SYN)
Pineapple,Outbound Links; Unit Map Consumer (SYN)
Pink Dog Digital,Website Agency
Piston Mfg.,Website Agency
Pixelwise Digital,Website Agency
Places4Students,Fee Transparency; Unit Map Consumer (SYN)
Plain Joe,Website Agency
Plentific,Unit Map Consumer (SYN)
PlugOp Technologies,Unit Map Consumer (SYN)
Plus54,Website Agency
Podium,Data Integration
Poetic Systems,Website Agency
PointCentral,Unit Map Consumer (SYN)
PointClickCare,Data Integration
Pollinate Marketing,Website Agency
Popgun Media,Website Agency
Potent Studio,Website Agency
Powerhouse,Unit Map Consumer (SYN)
Power Pro,Fee Transparency; Unit Map Consumer (SYN)
Prelude,Website Agency
Premium Parking,Unit Map Consumer (SYN)
Prescriptive Marketing,Promo/Marketing; Website Agency
Preview 3D,Content
PRIMARY,Website Agency
Primary360,Website Agency
Prismatic,Website Agency
Prismic,Website Agency
Prodigitude,Website Agency
Project M Plus,Website Agency
Promove,Fee Transparency; Unit Map Consumer (SYN)
Proof Branding,Website Agency
Property Gauge,Unit Map Consumer (SYN)
Property Inspect,Unit Map Consumer (SYN)
Property Meld,Unit Map Consumer (SYN)
Propertyshelf,Website Agency
Property Vista,Unit Map Consumer (SYN)
Propertyware Inc,Data Integration
PropMatic,Fee Transparency; Promo/Marketing; SightMap REST API Consumer
Proportion Design,Website Agency
PropUp,Unit Map Consumer (SYN)
Prospective IT Solutions Inc,Needs Audited
Pro Valet Trash,Unit Map Consumer (SYN)
Proverb Agency,Website Agency
Pursu Agency,Website Agency
Pynwheel,Fee Transparency; Unit Map Consumer (SYN)
Q7 Associates,Website Agency
Qburst,Fee Transparency; Website Agency
Quext,Data Integration; Fee Transparency; Unit Map Consumer (SYN); Website Agency
QuikStor,Data Integration
"Rabbu, Inc.",Unit Map Consumer (SYN)
Radix,Unit Map Consumer (SYN)
Rainmaker LRO,Data Integration
Rally,Needs Audited
Rapid Deploy,Unit Map Consumer (SYN)
RapidSoft Solutions,Fee Transparency
Rare Bird,Website Agency
Rarity Marketing and Design,Content; Website Agency
Rave Mobile Safety,
Razz Interactive,Fee Transparency; Website Agency
RCare,Unit Map Consumer (SYN)
"ReachLocal, Inc",Influencer
Real Geeks LLC,Website Agency
"RealPage, Inc.",Data Integration; Website Agency
RealRents,Fee Transparency; Unit Map Consumer (SYN)
Realtor.com Rentals,Unit Map Consumer (SYN)
"RealtyCom Partners, LLC",Needs Audited; Promo/Marketing
Realty Tech,Website Agency
Realync,Content; Fee Transparency; Outbound Links
REBA Amenities,Unit Map Consumer (SYN)
REBA BI,Unit Map Consumer (SYN)
Rebel Websites,Website Agency
Recycle NOW,Unit Map Consumer (SYN)
Recycling Media,Website Agency
Red Bar,Content
Red Door Interactive,Website Agency
RedFin,Fee Transparency
Red IQ,
Red Propeller Inc,Website Agency
Red Sequoia,Website Agency
Red Thinking,Website Agency
ReferralStation,Needs Audited
Reliant Parking,Unit Map Consumer (SYN)
Relume,Website Agency
Remarkably,Unit Map Consumer (SYN)
Remote Lock,Unit Map Consumer (SYN)
REM Web Solutions,Needs Audited
Rendever,Press/Association
Renew,Fee Transparency; Unit Map Consumer (SYN)
Rent.,Fee Transparency
Rentable,Fee Transparency
Rentals.ca,Fee Transparency; Unit Map Consumer (SYN)
Rentana,Unit Map Consumer (SYN)
RentBase,
Rent Bridge,Website Agency
Rent Dynamics,Unit Map Consumer (SYN)
RentEngine,Unit Map Consumer (SYN)
Rentgrata,Outbound Links
Rent Hunter Chicago,Website Agency
Rently,Fee Transparency; Outbound Links; Unit Map Consumer (SYN)
Rentlytics,Needs Audited
Rent Manager,Data Integration
RentPace,Outbound Links; SightMap Consumer (SYN)
RentPress,Fee Transparency
Rent Ready,Unit Map Consumer (SYN)
RentRedi,Unit Map Consumer (SYN)
Rentsync,Website Agency
RentViewer,Unit Map Consumer (SYN)
RentVision,Website Agency
REPLI,Website Agency
Reseller Partner Demo Test Account,Website Agency
Reservation Software,Unit Map Consumer (SYN)
Resi,Website Agency
Resident360,Website Agency
Resident Interface,Unit Map Consumer (SYN); Service Provider (for clients)
ResiDesk,Unit Map Consumer (SYN)
Resite,Website Agency
Resman,Data Integration
Respage,Outbound Links; Unit Map Consumer (SYN)
Results Repeat,Website Agency
RET Ventures,Investor
Revel,Website Agency
Revel Web Design and Marketing,Website Agency
RevLocal,Website Agency
Revolution RE,Unit Map Consumer (SYN)
rezStream,Data Integration; Website Agency
RFTB,Website Agency
Richman Group - SGT App,Unit Map Consumer (SYN)
Rise Buildings,Website Agency
Rise Marketing,Website Agency
RMS,Data Integration
Robertson+Partners,Website Agency
Roche Associates Inc,Website Agency
Rocket Marketing,Website Agency
Rode Advertising,Website Agency
Room Choice,Unit Map Consumer (SYN)
RoomSync,
Roost,Fee Transparency
Rosemary Investments LLC,Investor
Rubber Design and Studio Aluminum,Website Agency
Rumspeed,Website Agency
Rusty George Creative,Website Agency
RXR,Unit Map Consumer (SYN)
Sage,Unit Map Consumer (SYN)
Sage Age Strategies,Website Agency
SALTO,Service Provider (for clients)
Sandler,Press/Association
Sanity,Needs Audited
Sapient Razorfish,Website Agency
SatisFacts Research LLC,
Satorix,Website Agency
SBA Communications,Unit Map Consumer (SYN)
Scentair Technologies Inc,Unit Map Consumer (SYN)
SecondKeys,Unit Map Consumer (SYN)
Self Storage Manager,Data Integration
Senior Comps,SightMap Consumer (SYN); Website Agency
Senior Living SMART,Website Agency
Seniorly,Unit Map Consumer (SYN)
Sensor Industries,Unit Map Consumer (SYN)
Senturus,Unit Map Consumer (SYN)
Severin Group,Promo/Marketing
Shelley Media Arts LLC,Website Agency
Sherpa CRM,Data Integration
Shimahara Illustration,Needs Audited
"Shook Kelley, Inc.",Website Agency
ShowMojo,Content
Show My Property TV,Content
Sidecar Public Relations,Data Integration; Website Agency
Siemens,Needs Audited
SightPlan,Unit Map Consumer (SYN)
SimpleBills,
SimpleSUB Water,Unit Map Consumer (SYN)
Simply Ducky Designs,Website Agency
SimplyPermits,Unit Map Consumer (SYN)
Simply Styled Sites,Website Agency
SiteCompli,Unit Map Consumer (SYN)
SiteStaff Chat,Data Integration; Unit Map Consumer (SYN)
SixwasNine,Website Agency
SKBM Smart Tech,Unit Map Consumer (SYN)
Sketch Design Co.,Promo/Marketing
Sky Connect,Needs Audited
Skylight Technologies,Unit Map Consumer (SYN)
Sky Satellite,Needs Audited
Sleeping Giant Creative,Website Agency
SLFSTRG,Data Integration; Unit Map Consumer (SYN)
Slingshot Inc,Unit Map Consumer (SYN)
Small Giants,Website Agency
Smart Apartment Data,Unit Map Consumer (SYN)
SmartBug Media,Website Agency
SmartRent,SightMap Consumer (SYN); Unit Map Consumer (SYN)
SnapInspect,Data Integration
"SOCi, Inc.",Fee Transparency
Social Fire Media,Website Agency
Social Kapture,Content
Solinity Marketing,
SoMe Connect,Data Integration
Sommers Marketing,Website Agency
Sonder Inc.,Unit Map Consumer (SYN)
Southern Trade,Needs Audited
Spacecraft Inc,Website Agency
Spacer,Unit Map Consumer (SYN)
Span,Website Agency
"SpareFoot, Inc.",SightMap Consumer (SYN)
SpareRoom,Fee Transparency; Unit Map Consumer (SYN)
"SPARGO, Inc.",Promo/Marketing
SparX,Outbound Links
SPATIALytx,Unit Map Consumer (SYN)
Spherexx,Content; Data Integration; Website Agency
SPINE,Content
Splash Multi-Media,Website Agency
Spoke,Website Agency
Sprout Marketing,Website Agency
Spruce,Unit Map Consumer (SYN)
Square Feet Design,Website Agency
ST8MNT BRAND AGENCY,Website Agency
Stand and Stretch,Website Agency
Star Building Group,
StarRez,Data Integration
Stay Alfred,Unit Map Consumer (SYN)
Stein IAS,Website Agency
Stitch Design Co,Website Agency
Stitched Marketing,Website Agency
Stone Group Inc.,Website Agency
Stoovo,Unit Map Consumer (SYN)
Storable,Data Integration
Store Local Inc,Website Agency
Storman Software,Website Agency
Straightnorth,Website Agency
Stratis IoT,Unit Map Consumer (SYN)
Strawberry Brand Studio,Website Agency
Streamworks,Website Agency
StreetEasy,Unit Map Consumer (SYN)
StreetSense,Website Agency
StructionSite,Unit Map Consumer (SYN)
Student.com,Fee Transparency
Studio: The Global Creator,Website Agency
Studio 2108,Website Agency
Studio 3 Architeture,Website Agency
Studio5,Website Agency
Studio Aluminum,Needs Audited
Studio Fabric,Website Agency
Studio Science,Website Agency
Sugar,Unit Map Consumer (SYN)
SuiteSpot,Unit Map Consumer (SYN)
Sunburst Property Marketing,Website Agency
Superpath,Website Agency
SurfaceAI,Unit Map Consumer (SYN)
Surrket,Unit Map Consumer (SYN)
SuttonWatkins,Content
Swiftlane,Unit Map Consumer (SYN)
Swifty,Website Agency
Swimming Aardvark,Website Agency
Symmetre,Needs Audited
Talon Digital,Website Agency
Tangram 3DS,Content
TANIM,Data Integration
TCC The Collaborative Companies,
Tegan,Website Agency
Tegan Digital,Website Agency
Tekzenit,Unit Map Consumer (SYN); Website Agency
TEN7,Website Agency
"Tenant, Inc",Needs Audited
Tenderling,Content; Website Agency
Tenera Care,Unit Map Consumer (SYN)
TestFit,Unit Map Consumer (SYN)
Test Org Migration,Data Integration
Test Partner Account,Referral
The 215 Guys,Website Agency
The Atkins Group,Website Agency
The Berman Group,Data Integration; Website Agency
The Bokka Group,Promo/Marketing
The Dealio Marketing,Website Agency
The Design Group,Website Agency
The Innovative Group,Needs Audited
The KSC Group,Data Integration
The Mandala Agency,Website Agency
The Marketing Practice,Investor
The Point Group,Website Agency
The Rally Co,Website Agency
The Tiber Group,Data Integration
The View,Content; Fee Transparency; SightMap Consumer (SYN); Website Agency
THIRDinteractive,Fee Transparency; Website Agency
Thirst,Content; Website Agency
ThomasARTS,Content
Three Ring Focus,Website Agency
Threshold 360,Content
Threshold Agency,Website Agency
Tilladelse,Website Agency
Tiny Giants,Needs Audited
"Tom, Dick and Harry Creative Agency",Website Agency
"Touchtown, Inc.",Content
Tour24,SightMap Consumer (SYN); Unit Map Consumer (SYN)
TourVista,Website Agency
TransUnion,Data Integration
Trash Butler LLC,Unit Map Consumer (SYN)
Travtus,Unit Map Consumer (SYN)
tri-plicity,Website Agency
True Fit Marketing,Data Integration
TrueOmni,Unit Map Consumer (SYN)
Trulia,Fee Transparency; Unit Map Consumer (SYN)
TurboTenant LLC,Unit Map Consumer (SYN)
TurnoverBnB,
Twenty2 Creative,Website Agency
TwoLips Creative,Website Agency
U.CAN.BE Digital,Needs Audited
Uber,Unit Map Consumer (SYN)
Ubiquity,Unit Map Consumer (SYN)
UDP,Unit Map Consumer (SYN)
Uhomes,Fee Transparency
UMoveFree,Fee Transparency
Uncomn Projects,Website Agency
Uniguest,Content
Union,Outbound Links
Union Street Media,Website Agency
United Landmark Associates,Website Agency
Unitleader,Needs Audited
Unmaker Studio,SightMap Consumer (SYN); Website Agency
Unsung Web Design,Website Agency
Unwired Engineering-Lifestone Link,Data Integration
Updater,Unit Map Consumer (SYN)
UpShift Creative,Website Agency
Upshot Inc,Website Agency
Urban Land Institute,Press/Association
UR Concierge Services Inc.,Unit Map Consumer (SYN)
UTour,Unit Map Consumer (SYN)
ValencePM,Unit Map Consumer (SYN)
Valet Living,Unit Map Consumer (SYN)
Varjo,
Varro,Fee Transparency
Vector Travel,Unit Map Consumer (SYN)
Velir,Content; Website Agency
Venn,Fee Transparency; Unit Map Consumer (SYN)
Verifast,Needs Audited
VERO,Unit Map Consumer (SYN)
View Labs,Content
Viewport Archviz,Content
Vinesta,Unit Map Consumer (SYN)
Virtual Leasing Systems,Website Agency
VIRTUALSPACE.xyz,Content
Visceral Ore,Promo/Marketing
Vision Creative Inc,Website Agency
Vistity,SightMap Consumer (SYN)
Visual101,Website Agency
VISUALHOUSE,Website Agency
Vivint,SightMap Consumer (SYN); Service Provider (for clients)
Volition Capital,Investor
Von Design Company,Website Agency
VYBE Marketing & Media,Website Agency
WALK.IN,Data Integration
Walker Brands,Content
"Watchtower Security, Inc.",Service Provider (for clients)
Watson NYC,Website Agency
Wayleadr,Unit Map Consumer (SYN)
Waypoint,Outbound Links; Unit Map Consumer (SYN)
WEach Seats,Unit Map Consumer (SYN)
WebListers,Fee Transparency; Website Agency
WebPixel Pro,Website Agency
Website Muscle,Website Agency
Websites By David,Website Agency
Websults,Website Agency
WebTechs,Website Agency
Web Weaving,Website Agency
WeDoTrash,Unit Map Consumer (SYN)
Weidert Group Inc,Website Agency
Welcome Home Software,Data Integration
West 360 Digital,Content
West Edge Collective,Website Agency
WeWork,
WhatCounts,Website Agency
WhereiPark,Unit Map Consumer (SYN)
Where You Live Matters,Unit Map Consumer (SYN)
White Fern LLC,Website Agency
Whiz Cribs LLC,Service Provider (for clients)
Wicked,Needs Audited
Wicked Think Marketing,Website Agency
Wickley Worldwide,Content
Wick Marketing,Website Agency
"Wildfire, LLC",Website Agency
Will Gunderson Creative,Website Agency
WinCorp,Content
WireStar,Unit Map Consumer (SYN)
Wix,Website Agency
Worboys Design,Website Agency
Worldwide Pest Control Inc,Unit Map Consumer (SYN)
Wpromote,Fee Transparency; Website Agency
Wreno,Unit Map Consumer (SYN)
WRK Partners,Website Agency
XPS,Unit Map Consumer (SYN)
Yahoo,Influencer
Yardi,Data Integration; Unit Map Consumer (SYN); Website Agency
Yardi Matrix,SightMap Consumer (SYN)
Yelle Bell Designs,Website Agency
Yellow Duck Marketing,Website Agency
Yoko Co,Website Agency
YYZ Marketing,Investor
Zark Parking Solutions,Unit Map Consumer (SYN)
Zbra Studios,Website Agency
Zee Creative,Website Agency
Zego (powered by PayLease),Unit Map Consumer (SYN)
Zerv Access,Unit Map Consumer (SYN)
Zillow,Fee Transparency; Unit Map Consumer (SYN)
Zipcode Creative,Website Agency
Zuma,Fee Transparency; Unit Map Consumer (SYN)
Zumper,Unit Map Consumer (SYN)