Account Name,Partnership Point of Contact,Partner Category,Partnership Development Stage,Products / Services,,Mixed Use Detail,Business Description
1059 Creative,,Website Agency,Profiling,Website Development,,Multi-family,
118 Group,,Website Agency,Profiling,Website Development,,,"118Group started as one founder’s mission to help friends and family pursue their dreams by building them great websites. Eventually, through honest work and a dedication to developing long-lasting partnerships, the company grew.

Over time, 118Group’s "
160over90,,Content,Profiling,Website Development,,Cultural; Entertainment; Stadium/arena,"160over90 is a creative agency made up of a collection of marketing specialists. They are a full-service agency with extensive experience across many specialties and they are also part of the Endeavor family, the world's largest entertainment, sports and "
1 On 1 InternetMarketing,,Website Agency,Profiling,Website Development,,,"Web Hosting, Digital Marketing, Reporting - Possible Unit Map Partner"
30 Lines,,Website Agency,Profiling,Website Development,,,"30 Lines is a full-service digital marketing company that provides online marketing and social media strategies, online reputation monitoring, search engine optimization and mobile marketing solutions.
 
RentPress:
Base Subscription: $55/month
$5/prop"
3D Apartment,,Unit Map Consumer (SYN),Inactive,Website Development,,,"Our vision at 3DAPARTMENT.com is to revolutionize the apartment search experience by providing a virtual platform that unlocks the power of remote renting, making it easier for people to find the right home, no matter where they are."
3DR Search Marketing,,Content,Profiling,Website Development,,,3DR Communications builds and manages high performance PPC campaigns for most of the major multifamily property management companies in mid-atlantic.
97 Switch,,Website Agency,Profiling,Website Development,,,
A7 Consulting,,Investor,Profiling,Website Development,,Hospitality; Master Planned,
Adept Marketing,,Website Agency,Profiling,Website Development,,Healthcare; Industrial,
Adhesive Marketing,,Website Agency,Launch,Website Development,,Multi-family,Adhesive Marketing is a full-service brand marketing agency that blends strategic thinking with creative solutions that stick.
Adhoc Studio,,Content,Profiling,Website Development,,,"We build digital products and narratives for your next urban development.

First impressions matter. We are interested in designing the way people interact with spaces and products that have yet to be realized. We’re not jack-of-all-trades, master of no"
Advantage Publications & Marketing,,Website Agency,Profiling,Website Development,,,
aenoch,,Website Agency,Profiling,Website Development,,,
Agence Six,,Content,Profiling,Website Development,,,
Agency Entourage,,Website Agency,Profiling,Website Development,,,
Agency FIFTY3,Toshi Rogers,Website Agency,Launch,Website Development,,Multi-family; Student,"Is a full-service advertising agency that will use SightMap to enhance their multifamily websites. Marketing, Web Design & Development, Graphic Design, Digital Marketing, Multimedia Production, Brand Identity, Content Strategy, & more."
Agency Off Record (AOR),,Website Agency,Profiling,Website Development,,,
Agent Image,,Website Agency,Profiling,Website Development,,,
Agile Pixel Studio,,Content; Website Agency,Profiling,Website Development,,Needs Audited,"Agile Pixel (formerly Hanee Designs) is a full-service digital agency located in New York. We support marketing teams with website design, landing page creation, search engine optimization, e-mail marketing and lead generation tools. Our clients are locat"
AKH Digital,,Content; Website Agency,Profiling,Website Development,,,
Allis,,Website Agency,Profiling,Website Development,,Hospitality,
Almonte Creative,,Website Agency,Profiling,Website Development,,,
AM Digital,,Needs Audited,Profiling,Website Development,,,
Americaneagle.com,,Website Agency,Profiling,Website Development,,,
Amplify Media,,Website Agency,Profiling,Website Development,,Affordable Housing; Data Center; Infrastructure; Needs Audited; Retail,"Since opening in 2010 Amplify Media has succeeded and grown through our focus on one principle: collaboration. We believe in working with our clients to make their ideas come to life. We believe that nothing is impossible, and that when everyone involved"
Analog Digital,,Website Agency,Profiling,Website Development,,,
Angell Marketing,,Website Agency,Profiling,Website Development,,,"Senior living isn't just what we do. It's all we do. We have 170 collective years of senior living experience. We've stayed on-site at communities‚Äîdining, listening, laughing and experiencing what senior living truly means. And every single time, we're"
Anstey Hodge Advertising Group,,Website Agency,Profiling,Website Development,,,
AOG Digital,,Website Agency,Profiling,Website Development,,,
Apartment Layouts,,Website Agency,Profiling,Website Development,,,
Apartment Life / CARES,,Needs Audited,Profiling,Website Development,,,"Apartment Life helps apartment owners care for residents by connecting them in relationships. This, in turn, helps improve the community's financial performance through online reputation, resident satisfaction, and resident retention.

Apartment Life Ha"
Apartments247,,Website Agency,Profiling,Website Development,,,"Apartments 247 builds beautiful, HD Responsive websites for individual apartment communities and corporations nationwide.

Also referred to as apartments24-7.com, this website with the dash will take you at the apartments247.com site."
Apartment SEO,Martin Canchola,Content; Website Agency,Launch,Website Development,,,"Internet Marketing firm dedicated to the multi-family real estate industry. SEO, Digital Ads, Social Media Marketing, Reputation Builder, Custom Website Design. They will use SightMap to enhance their sites."
Artbox Creative Studios,,Website Agency,Profiling,Website Development,,,"Artbox Creative Studios is a dynamic creative agency based in the Minneapolis, MN.
 
 Whether you‚Äôre a small business owner looking to improve your online presence, or a larger company in need of a complete branding overhaul, we have the expertise and r"
Art Of Strategy Consulting,,Website Agency,Profiling,Website Development,,,
Ashlar Projects,,Website Agency,Profiling,Website Development,,Condos; Multi-family,
Ashton Design,,Website Agency,Profiling,Website Development,,,
Ask4Tech Web Solutions,,Website Agency,Profiling,Website Development,,,"Web Design, Development, and Search Engine Optimization (SEO)"
AtlanticCityDirect.us,,Website Agency,Profiling,Website Development,,,
AWP Media,,Website Agency,Profiling,Website Development,,,
Bam Digital,,Website Agency,Profiling,Website Development,,,
Banana Stand Inc,,Website Agency,Profiling,Website Development,,,"Foundational Creative Services:
 
 * Tone Of Voice (TOV)
 
 * Branding + Identity Design
 
 * Copywriting"
Beacon,,Website Agency,Profiling,Website Development,,,
Beanstalk Web Solutions,,Website Agency,Profiling,Website Development,,,
Bespoke Luxury Marketing,,Website Agency,Profiling,Website Development,,,
BetterBot,,Fee Transparency; Unit Map Consumer (SYN),Active,Website Development,,,"Focus on Conversation Instead of Leads. Chatbot and tour scheduler. Answers prospect questions. Can show virtual tours and video within the chatbot.

2021 Analytics:
58% of users use bots 6pm-8am
Facilitate 26 handoffs/mo. - BetterBot focuses on conve"
Better Links Media,,Website Agency,Profiling,Website Development,,,
Beyond the Agency,,Investor,Profiling,Website Development,,,
BHFMC LLC,,Website Agency,Profiling,Website Development,,,One-man agency out of Dallas
Bicycle Creative,,Fee Transparency; Website Agency,Profiling,Website Development,,,
bigeye,,Content; Website Agency,Profiling,Website Development,,,
Bigfin,,Website Agency,Profiling,Website Development,,Healthcare; Multi-family,
Birdeye Inc,,Needs Audited,Profiling,Website Development,,,
Bitter Sweet Creative,,Content,Profiling,Website Development,,,
Biznet Digital,,Content; Website Agency,Profiling,Website Development,,,
Blinebury Design,,Website Agency,Profiling,Website Development,,,
BLKBOX,,Website Agency,Profiling,Website Development,,,"BLKBOX is a multidisciplinary creative group that crafts creative strategies, design solutions, and the most compelling content for brands and organizations of all sizes, from emerging startups to iconic institutions. With a diversely talented and innovat"
Blue Compass Interactive,,Website Agency,Profiling,Website Development,,,
Blue Matrix Media,,Content,Profiling,Website Development,,,
BlueModus,,Website Agency,Profiling,Website Development,,,
Bode Digital,,Website Agency,Profiling,Website Development,,,
Bradford Allen Realty Services,,Website Agency,Implementation,Website Development,,,
Brandcast,,Website Agency,Profiling,Website Development,,,"The Brandcast Website Cloud is a platform for designing, deploying, and managing websites of all kinds."
Brand Collective Inc,,Website Agency,Profiling,Website Development,,,"We are modern-day storytellers, telling stories through beautiful design, words and thought, immersed in culture & art."
Branding Iron,,Website Agency,Profiling,Website Development,,,"brandingiron@stantec.com
617-234-3100
Developer for some bozzuto property sites."
Brandthropology,,Website Agency,Profiling,Website Development,,,
Brave New Day,Brian Kerr,Content; Website Agency,Profiling,Website Development,,,
Brave People,,Website Agency,Profiling,Website Development,,,
Brindle Digital Marketing,Sarah Lukemire,Content; Website Agency,Launch,Website Development,,,"Digital marketing agency that will use SightMap to enhance their sites. Their services include: web design, social media marketing, SEO, branding, paid advertising, email marketing, ads, social media management, website development & copyright."
Brio Marketing and Design,Brandi Bailey,Website Agency,Profiling,Website Development,,,
B Square Web,,Website Agency,Profiling,Website Development,,,
BT Creative,,Content; Website Agency,Profiling,Website Development,,Multi-family; Student,Blanton Turner is a Seattle-based property management and development consulting firm providing multi‚Äìfamily and student housing developers and owners with real estate solutions for a new economy. We're a proven team that has been working together for y
Bucktrout Creative,,Website Agency,Profiling,Website Development,,,"Bucktrout Creative is a multi-disciplinary, design studio based in San Francisco. We craft traditional branding, design, packaging and illustration thoughtfully applying our skill and passion to create communications that are meaningful, personal and enga"
BUHV Designs,,Website Agency,Profiling,Website Development,,,"Looks like this company rebranded, the website link takes you to https://www.42connect.com now."
Bullseye Creative,,Content; Website Agency,Profiling,Website Development,,,
Burder Creative,,Website Agency,Profiling,Website Development,,,"Burder Creative is a web design and branding studio located in Tampa, Florida. Established in 2007 by Frank and Rebekah Burder, the studio is passionate about creating and advancing brands through design, strategy and technology. We offer a wide range of "
Burrit Design,,Website Agency,Profiling,Website Development,,,
Butchershop Creative Company,,Content; Website Agency,Profiling,Website Development,,,"AS OF MAY 2023, BUTCHERSHOP HAS CLOSED ITS DOORS"
Bytes,,Website Agency,Profiling,Website Development,,Education; Healthcare; Industrial; Infrastructure; Manufactured Housing; Retail,Bytes.co provides businesses throughout VT and New England with professional website design and digital marketing services. We work primarily with the WordPress platform and can build custom sites for any business or organization. We use a variety of tool
CA Marketing,,Website Agency,Profiling,Website Development,,,
Captiva Marketing,,Website Agency,Profiling,Website Development,,,
Castaway Labs,,Website Agency,Profiling,Website Development,,,
CasualSushi,,Website Agency,Profiling,Website Development,,,
Catalyst Marketing Agency,,Website Agency,Profiling,Website Development,,,"Catalyst is an award-winning, full-service marketing and advertising agency specializing in multifamily housing, student housing, senior living, and residential real estate communities. The team specializes in branding, lead generation, the latest social "
CB Design NY,,Website Agency,Profiling,Website Development,,,"Specializing in Corporate Brand and Marketing Design for clients in healthcare, lifestyle, real estate and luxury. Focus-driven with precise attention to detail, we bring fast, striking, dynamic results. We are defined by our modern, striking and stunning"
CEA Marketing Group,,Content,Profiling,Website Development,,,
Ceros,,Website Agency,Profiling,Website Development,,,
ChatterBuzz Media,,Content,Profiling,Website Development,,Multi-family; Single-Family Homes,
Chip Thompson Design,,Website Agency,Profiling,Website Development,,,
Citizen,,Website Agency,Profiling,Website Development,,Senior Living,"CITIZEN exists because we saw a need in the senior living space.

Our parent company, POD Marketing, was approached by an automation software provider to help their senior living clients implement marketing automation strategies.

As we worked with th"
CKO Digital,,Content; Website Agency,Profiling,Website Development,,,
Clarity Marketing Studio,Linda Phillips Blue,Website Agency,Active,Website Development,,,"Clarity Marketing Studio is a marketing strategy, design, and production studio dedicated to helping our clients grow their services businesses. We provide two levels of service—”Done for you” marketing subscription services and Fractional Chief Marketing"
Classic City Consulting,,Website Agency,Profiling,Website Development,,,"Full-service creative firm offering custom-tailored web solutions built for growth.
 
 Services: web development, website hosting, brand messaging, content design, wordpress, website analytics, audience analysis."
Clear pH Design,,Fee Transparency; Website Agency,Profiling,Website Development,,,
ClearSketch,,Website Agency,Profiling,Website Development,,Condos; Multi-family,"The One-Stop Marketing Department for Growth-Stage Companies
Conversion Rate Optimization
• PPC Advertising
• Website Design + Development
• Marketing Strategy
• Content Marketing
• Landing Page Design + Optimization 
• Video Production + Animation"
CleverBirds,,Content,Profiling,Website Development,,Multi-family,
CloudMellow,,Website Agency,Profiling,Website Development,,,
CLYint,,Data Integration; Website Agency,Profiling,Website Development,,Multi-family,
CMA Designs,,Website Agency,Profiling,Website Development,,,
CodingwithCarl,,Website Agency,Profiling,Website Development,,,
Cohere,,Website Agency,Profiling,Website Development,,Condos; Coworking; Healthcare; Master Planned; Multi-family; Retail,"Cohere is a creative agency committed to uniting stakeholders around shared goals in food, hospitality and real estate. We bring together projects that put people and the planet first through strategy, branding, environmental, and digital design."
COHN Marketing,,Content,Profiling,Website Development,,Master Planned; Single-Family Homes,
Colony,,Website Agency,Profiling,Website Development,,,
Comet Creative,,Website Agency,Profiling,Website Development,,,
Command & Query,,Website Agency,Profiling,Website Development,,,
Co-motion,,Website Agency,Profiling,Website Development,,,
"Connors Advertising & Design, Inc",,Website Agency,Profiling,Website Development,,,
Conor Edwards,,Website Agency,Profiling,Website Development,,,
Contrast Design Studio,,Content,Profiling,Website Development,,,Contrast Design Studios is a team of graphic designers that specialize in helping small businesses realize big visions. They offer logo and branding services as well as website design and promotional materials.
Conversion Logix,,Website Agency,Profiling,Website Development,,Multi-family; Senior Living; Student,"To provide communities with more leads, appointments and sales through digital marketing.
At Conversion Logix we answer the biggest question in digital marketing: Where are my leads coming from and which campaigns are working best?"
CO OP Brand Company,,Website Agency,Profiling,Website Development,,,
Corcoran Sunshine,,Website Agency,Profiling,Website Development,,,"*This is really a brokerage company. 

With over 30 years of experience in marketing and collective sales of $50 billion, Corcoran Sunshine Marketing Group is the recognized industry leader in the planning, design, marketing, and sale of luxury resident"
CORE Creative & Strategy,,Website Agency,Profiling,Website Development,,,
Core PHP,,Website Agency,Profiling,Website Development,,Senior Living,
Cortex Creative,,Needs Audited,Profiling,Website Development,,,
Creative Mindworks,,Website Agency,Profiling,Website Development,,Condos; Hospitality; Multi-family; Student,
Creativ Endeavor,,Website Agency,Profiling,Website Development,,,
Creative Slice,,Content; Website Agency,Profiling,Website Development,,Multi-family; Retail,"Creative Slice is an award-winning web design firm, established in 2003, that is focused on taking our clients to the next level of business development. Our client base is very diverse and ranges from international resorts to small, community-based nonpr"
Creative Soldier,,Content; Website Agency,Profiling,Website Development,,,
CreativeThemes,,Website Agency,Profiling,Website Development,,,
Criterion.B,,Website Agency,Profiling,Website Development,,,"Criterion.b is the marketing and branding agency. Anything digital (i.e. websites) should be linked to Swifty.

Swifty does offer a ""free interactive map"" for their websites but also integrates with SightMap. Working on formal partnership strategy. - MP"
Curio,,Content,Profiling,Website Development,,,
Cyber Sytes Inc,,Website Agency,Profiling,Website Development,,,
D*MNGOOD,,Website Agency,Profiling,Website Development,,,
Dapper + Associates,,Website Agency,Profiling,Website Development,,,
David Riley Associates,,Website Agency,Profiling,Website Development,,,
Davis Harrison Dion,,Website Agency,Profiling,Website Development,,,
Daylight Studio,,Website Agency,Profiling,Website Development,,,
DB Marketing,,Website Agency,Profiling,Website Development,,,
DCWireNet,,Website Agency,Profiling,Website Development,,,
Deaton Web Design,,Website Agency,Profiling,Website Development,,,
Delucchi,,Website Agency,Profiling,Website Development,,,
DeNovo,,Content; Website Agency,Profiling,Website Development,,,"We are a full-service marketing agency that starts by creating or revamping your marketing strategy, deploying custom creative solutions that help reach your target audience and then actively analyzing the results to continually improve. We call it our Co"
Denver Creative Media,,Website Agency,Profiling,Website Development,,,
Design by Fit,,Website Agency,Profiling,Website Development,,,
Design Collective,,Website Agency,Profiling,Website Development,,,
DesignEdge,,Website Agency,Profiling,Website Development,,,
Design Floor Plan,,Content; Influencer,Profiling,Website Development,,,"Room planner, area maps, floor plans, site plans - 2D & 3D"
DesignLoud Agency,,Content; Website Agency,Profiling,Website Development,,,"DesignLoud Agency is an SEO, web design, and digital marketing agency which uses data to inform decisions that drive results and help build relationships with customers."
Design Mester,,Website Agency,Profiling,Website Development,,,
DevQ,,Website Agency,Profiling,Website Development,,,
Dextel,,Website Agency,Profiling,Website Development,,,
Didio and Associates,,Promo/Marketing,Profiling,Website Development,,,
Digible,,Content; Fee Transparency; Website Agency,Launch,Website Development,,,Digible is a Denver based agency providing a full spectrum of digital marketing solutions for the apartment industry. We are a passionate and forward-thinking team designed to accelerate the world of multifamily marketing. Ready? Let's Go.
Digital Strike,,Unit Map Consumer (SYN),Profiling,Website Development,,,
DIGITECH Web Design,,Website Agency,Profiling,Website Development,,,
Dippidi,,Outbound Links,Profiling,Website Development,,,
Dodd Creative Group,,Content; Website Agency,Profiling,Website Development,,,
DOERR,,Content; Website Agency,Profiling,Website Development,,,
Doerr Associates,,Website Agency,Profiling,Website Development,,,
Dogs Name,,Website Agency,Profiling,Website Development,,,
Double Dutch,,Website Agency,Profiling,Website Development,,,
Dulce Design,,Website Agency,Profiling,Website Development,,Hospitality; Multi-family,"Autumn Smith launched Dulce Design in 1998. Services include brand development, print, online, and environmental design. Autumn (Founder) and her team have successfully led the creative on projects for Carmel Partners, Thrive Communities, Greystar, Quadra"
"Dwell Design Studio, LLC",,Needs Audited,Profiling,Website Development,,Multi-family,
Dyverse,,Website Agency,Profiling,Website Development,,,"Dyverse is a multifamily marketing agency and technology partner. Through our solutions, Dyverse connects and optimizes your leasing funnel through traffic generation, conversion optimization, content management & data analytics."
e360,,Website Agency,Profiling,Website Development,,,
Ecendant Interactive,,Website Agency,Profiling,Website Development,,,
Effortless Ads,,Promo/Marketing,Profiling,Website Development,,,
Eighty Three Creative,,Content; Website Agency,Profiling,Website Development,,,Business Closed
Elegant Themes,,Website Agency,Profiling,Website Development,,,
Elevate Advertising,,Content,Profiling,Website Development,,Multi-family; Single-Family Homes,no multi family
Ellen Bruss Design,,Website Agency,Profiling,Website Development,,Hospitality; Multi-family,Graphic Designer. Ellen Bruss Design utilizes qualitative analysis to guide their positioning exercises. They research consumers and explore ways to create exceptional brand design for their clients while also employing marketing planning and strategy.
Engenius,,Website Agency,Profiling,Website Development,,,
Engine Digital,,Website Agency,Profiling,Website Development,,,
Envida Group,,Needs Audited,Profiling,Website Development,,,
Envida Social,,Website Agency,Profiling,Website Development,,,"The Leading Social Media and Creative Digital Agency in the U.S., Specializing in Multifamily Housing."
Epiphany,,Website Agency,Profiling,Website Development,,,
Escape Creative,,Website Agency,Profiling,Website Development,,,
E-Stream Systems,,Content; Website Agency,Profiling,Website Development,,,"For more than two decades, the team at E-Stream Systems, Inc. has been serving the needs of the Multi-Family industry. In fact, we still have some of the same clients we had when we began in 1998!

The team at E-Stream Systems, Inc. has more than 30 yea"
"Evolve, Inc.",,Website Agency,Profiling,Website Development,,,
Evolve Systems,,Website Agency,Profiling,Website Development,,Data Center; Master Planned; Needs Audited; Senior Living,"Evolve Systems is a full-service digital, creative, and technology agency."
Fervor Creative,,Website Agency,Profiling,Website Development,,,A design studio with a passion for strategic thinking & relationships built on trust.
FINE,,Website Agency,Profiling,Website Development,,,
Finsweet,,Website Agency,Profiling,Website Development,,,
Firespring Inc,,Content; Website Agency,Profiling,Website Development,,Senior Living,"Firespring provides strategic guidance activated through creative solutions in marketing, printing and technology to help businesses and nonprofits prosper."
FIVE19 Creative,,Website Agency,Profiling,Website Development,,,
Five Creative Group,,Website Agency,Profiling,Website Development,,,
Five Nineteen,,Content,Profiling,Website Development,,,"Five Nineteen is a creative agency that focuses on brand strategy and print media services. They strive to translate all that a company represents into an authentic, memorable identity to build an understanding of the people behind the brand."
FLUX Branding,,Content; Website Agency,Profiling,Website Development,,,"We guide companies to help create brand advocacy, push awareness, and most of all, drive business growth. From strategy to design and wow, we energize brands to create experiences with purpose."
Flying V Group,,Website Agency,Profiling,Website Development,,Healthcare; Multi-family,Flying V Group takes a comprehensive approach to creating your digital marketing strategy that includes understanding your business like the back of our hand in order to deliver you with the most amazing services that ensure your brand and company’s immin
Flywheel,,Needs Audited,Profiling,Website Development,,,"Flywheel helps creatives do their best work through a series of well-designed products and resources, including its namesake product, a delightful Wordpress hosting platform, and Local by Flywheel, a fuss-free local development application. From small age"
Fogpilot,,Website Agency,Profiling,Website Development,,,"Fogpilot is a strategic brand design firm with considerable experience in the real estate and retail industries, among others. Our offices are located in Chicago, IL and Park City, UT."
Foreword Development,Graham Dyer,Website Agency,Launch,Website Development,,,Foreword built a website product experience built on SightMap
FORT,,Website Agency,Profiling,Website Development,,,
Forthea,,Website Agency,Profiling,Website Development,,,
Fortress Consulting Group,,Content; Website Agency,Launch,Website Development,,Data Center; Entertainment; Industrial; Multi-family; Retail,
Fource Communications,,Website Agency,Profiling,Website Development,,,"Marketing company for residential development and property management industries. Identity Package, Property Signage, Marketing Signage, Online Services"
Four Columns Marketing,,Content,Profiling,Website Development,,,
Fred Advertising,,Website Agency,Profiling,Website Development,,,
Fred Branded,,Content,Profiling,Website Development,,Condos; Multi-family,"Cannot find website/LinkedIn profile for this company. 

Complete Marketing Packages For Real Estate Developers, Property Managers, Apartments, Condos & More"
Fresh Interactive,,Website Agency,Profiling,Website Development,,,
Funkhaus,,Website Agency,Profiling,Website Development,,,
Geisler Young,,Website Agency,Profiling,Website Development,,,
Genio Digital Agency,,Website Agency,Profiling,Website Development,,,
Get Phound,,Website Agency,Profiling,Website Development,,,
Get Virtual,,Content,Profiling,Website Development,,Multi-family; Single-Family Homes,"Get Virtual offers the leading platform for interactive virtual advertising as well as creating animation, 3D artwork and 2D designs. Their software enables clients to sell their brand and products via virtual reality, providing interactive sensory market"
Giles-Parscale,,Website Agency,Profiling,Website Development,,,
GoHooper,,Website Agency,Profiling,Website Development,,,
Go Local,,Content; Website Agency,Profiling,Website Development,,Multi-family,"3/11 - Rachelle sent 1st email to schedule a call.

Go Local Interactive is a premium digital marketing agency specializing in SEO, PPC, Content, and Web products. Their impressive team of 100+ digital marketers and engineers are driving success for top"
Governale Group,,Website Agency,Profiling,Website Development,,Master Planned; Single-Family Homes,
Greenworks Studio,,Investor,Profiling,Website Development,,,This is the creative agency arm of Village Green Management.
Grigg Graphic Services,,Website Agency,Profiling,Website Development,,,
Group8 Marketing,,Website Agency,Profiling,Website Development,,,
GTMA,Carlos Rios,Website Agency,Launch,Website Development,,,
Gulf Coast Web Design,,Website Agency,Profiling,Website Development,,,
GYK Antler,,Website Agency,Profiling,Website Development,,,"Our team consists of 100 spirited marketers, risk takers, Emmy Award winners (seven, to be exact), media specialists, black belts, CPAs, data nerds, triathletes, dog lovers and social junkies, all bringing a little something extra to the table — from deep"
Haven Design Studio,,Content,Profiling,Website Development,,,
Hazel and Ku,,Website Agency,Profiling,Website Development,,,
HDSF,,Website Agency,Profiling,Website Development,,,"At HDSF, our approach is pragmatic, committed and accountable. We offer a wide range of services in order to provide a consistent and compelling brand experience across key customer touch points: brand identity, digital media, environmental, online market"
Heavens to Betsy,,Website Agency,Profiling,Website Development,,,
Heco Partners,,Website Agency,Profiling,Website Development,,,
Helium Creative,,Website Agency,Profiling,Website Development,,,
Highform,,Website Agency,Profiling,Website Development,,,
HighRock,,Website Agency,Profiling,Website Development,,,
Homer Agency,,Website Agency,Profiling,Website Development,,,
Honest Creative,,Website Agency,Profiling,Website Development,,,
Honest Fox,,Website Agency,Profiling,Website Development,,,
Hook Agency,,Data Integration,Profiling,Website Development,,,
House Lens,,Content,Profiling,Website Development,,,
Huemor,,Website Agency,Profiling,Website Development,,,
Human Shapes,,Website Agency,Profiling,Website Development,,,"Human Shapes is a human–centered,
design–forward, digital studio.
We work collaboratively with agencies, organizations, contractors, and artists to design and build beautiful websites, tools, and apps."
Hume Creative Studio,,Website Agency,Profiling,Website Development,,,
HZDG,,Website Agency,Profiling,Website Development,,,
iBec Creative,,Data Integration,Profiling,Website Development,,,
IDEA ASSOCIATES,,Website Agency,Profiling,Website Development,,,
idealgrowth,,Website Agency,Profiling,Website Development,,,
iDesign LLC,,Website Agency,Profiling,Website Development,,,
IF STUDIO/,,Website Agency,Profiling,Website Development,,Condos,
IlluminAge Communication Partners,,Website Agency,Profiling,Website Development,,,
iluminere,,Website Agency,Profiling,Website Development,,Healthcare,
Impactful Apartment Marketing,,Needs Audited,Profiling,Website Development,,,"Impactful Apartment Marketing is a full-service digital marketing agency working exclusively with multifamily operators, offering community websites, brand development, SEO/AI search visibility, paid search and social advertising, and a performance dashbo"
Infinitee,,Content; Website Agency,Profiling,Website Development,,,
Infomedia,,Website Agency,Profiling,Website Development,,,
Intentional Marketing,Yocheved Zelishovsky,Website Agency,Active,Website Development,,,
Interactive Marketeers,,Content,Profiling,Website Development,,,
Interface Multimedia (IFMM),,Website Agency,Profiling,Website Development,,,
Internet Exposure,,Data Integration,Profiling,Website Development,,,
IT49 Multimedia,,Website Agency,Profiling,Website Development,,,
iZone Marketing,,Data Integration,Profiling,Website Development,,,
Jackson Murphy,,Website Agency,Profiling,Website Development,,,"Jackson Murphy offers multi-discipline agency services that utilize a broad range of creative solutions. Their offerings include website design, video production and editing, social networking and marketing services."
Jacob Gleason,,Website Agency,Profiling,Website Development,,,
Jayray,,Website Agency,Profiling,Website Development,,,
Jethog,,Website Agency,Profiling,Website Development,,,
JH Website Design,,Website Agency,Profiling,Website Development,,,
Jibe Media LLC,,Website Agency,Profiling,Website Development,,,"Jibe is a marketing and advertising agency based in Salt Lake City, Utah. We specialize in design, branding, advertising, social media, and content marketing. We know that effective marketing comes down to this simple formula: Strategy must jibe with mess"
Joey AI,,Website Agency,Profiling,Website Development,,,
Johnson & Richter Creative,,Website Agency,Profiling,Website Development,,,
Jonah Digital,Rebekah Conner,Fee Transparency; SightMap Consumer (SYN); Unit Map Consumer (SYN); Website Agency,Active,Website Development,,,"Jonah builds beautiful, powerful, fully-integrated websites for the multifamily industry. Our websites are designed to launch on time, stay on budget, and generate leads."
Journey Creative Group,,Website Agency,Profiling,Website Development,,,
JR Creative,,Website Agency,Profiling,Website Development,,,
JSTOKES Agency,,Website Agency,Profiling,Website Development,,,
JUMPEM,,Website Agency,Profiling,Website Development,,,Search Engine Optimization ‚Ä¢ Internet Marketing ‚Ä¢ Website Design ‚Ä¢ Conversion Optimization
Junex,,Website Agency,Profiling,Website Development,,,
KEZA Media,,Website Agency,Profiling,Website Development,,,
King Graphic Design,,Website Agency,Profiling,Website Development,,,no multi-family
Knightsbridge Park,,Website Agency,Profiling,Website Development,,,
"Knowtion, Inc.",,Website Agency,Profiling,Website Development,,,
Knucklehead Productions,,Website Agency,Profiling,Website Development,,,
Kola Co.,,Website Agency,Profiling,Website Development,,,"Kola Co. is a boutique digital agency creating solutions for businesses small and large. Founded in 2017, Kola Co. is a boutique agency designing and marketing luxury brands, products, and experiences. Founder and Creative Director, Karen Boyer, set out t"
Koncept Design Studio,,Website Agency,Profiling,Website Development,,,
Korn,,Website Agency,Profiling,Website Development,,Hospitality; Student,
Kreative Media,,Website Agency,Profiling,Website Development,,Build For Rent; Healthcare; Hospitality; Manufactured Housing,
L.E.T. Group,,Website Agency,Profiling,Website Development,,,
Laidlaw Group LLC,,Website Agency,Profiling,Website Development,,,
Larimer & Co,,Website Agency,Profiling,Website Development,,,
Lavidge,,Website Agency,Profiling,Website Development,,,
Leadtooth,,Website Agency,Profiling,Website Development,,,"Leadtooth is a web design, web development, SEO, graphic design, and marketing consulting company based out of Chicago’s Logan Square neighborhood. We enjoy working with companies of all types and sizes."
LeaseLeads,David Freund,Fee Transparency; Website Agency,Profiling,Website Development,,,"Your website is your best leasing agent. 

Convert more visitors into scheduled tours and signed leases with LeaseLeads!"
Lease UP,,Website Agency,Profiling,Website Development,,,"Multifamily Experts in Marketing, Leasing, Consulting, Education, Market Analysis and
 
 Mystery Shops. We are here to help owners, management companies, and builders make educated decisions about their business while helping to get things done in the pro"
LevLane Advertising & PR,,Website Agency,Profiling,Website Development,,Government; Healthcare; Retail; Senior Living,"Creative, brand planning, strategy, technology, social, media, search, analytics, content, research."
Lewis Communications,,Website Agency,Profiling,Website Development,,,
Lineups,,Data Integration; Website Agency,Profiling,Website Development,,,Lineups deploys landing pages that improve SEO and maximize PPC for multifamily properties.
Lions & Legacy,,Website Agency,Profiling,Website Development,,,
Liquified Agency,,Website Agency,Profiling,Website Development,,,
LJG Partners,,Website Agency,Profiling,Website Development,,Healthcare; Multi-family; Single-Family Homes,
Lofty Media,,Website Agency,Profiling,Website Development,,,
London Computer Systems,,Website Agency,Profiling,Website Development,,,
Lumi Hospitality,,Website Agency,Profiling,Website Development,,,
Lund Solutions,,Website Agency,Profiling,Website Development,,,
Lunia Blue Graphics,,Website Agency,Profiling,Website Development,,,
Luxury Presence Inc,,Website Agency,Profiling,Website Development,,,Grow your business from one simple platform with Luxury Presence‚Äôs award-winning real estate website designs and expert marketing solutions.
Mabble Media,,Website Agency,Profiling,Website Development,,,"We create great design tailored to your business. Mabble can help you with a beautiful brand, website, video and more for your business that truly embodies your company, passions, and vision. No matter your needs, Mabble Media can turn your ideas into des"
MadCap Marketing,,Website Agency,Profiling,Website Development,,,
Maniac Agency,,Website Agency,Profiling,Website Development,,,
Marcy Design,,Website Agency,Profiling,Website Development,,,
Markentum,,Website Agency,Profiling,Website Development,,,Marketing a senior living community isn’t really about digital tools and tactics. It’s about understanding and connecting with people in a meaningful way. It’s about harnessing the power of human-centered branding and high-velocity technology to create po
Market Apartments,Dana Perez,Website Agency,Launch,Website Development,,,"Our suite of services can provide you everything you need from Apartment SEO, Google AdWords, Apartment Photography, Reputation Management, Print Services, Apartment Website hosting, and CRM Integrations into communicating with your tenants. Our high-qual"
Marketplace Excellence Corp,,Website Agency,Profiling,Website Development,,,"U.S.-based, global, full-service, integrated marketing agency committed to providing excellence in the fields of public relations and marketing."
Matador Digi,,Website Agency,Profiling,Website Development,,,"360¬∞ virtual tours. There's basically not a lot that we cannot digitize & make virtual.
 
 An essential, time saving, one-stop marketing dashboard
 
 Graphic design and white glove premium service."
Matchbook,,Website Agency,Profiling,Website Development,,,
Matchbox Studio,,Website Agency,Profiling,Website Development,,,"A multidisciplinary creative agency. Driven by strategy and designed to connect, we create thoughtful communication between brands and people.
 
Launched real estate division of Matchbox - MBX Creative"
Matrix2 Advertising,,Promo/Marketing,Profiling,Website Development,,,
"Mauge, Inc.",,Website Agency,Profiling,Website Development,,,
Merge Design & Interactive,,Website Agency,Profiling,Website Development,,Healthcare; Multi-family; Retail,"We partner with clients to promote health, wealth and happiness in the world. Strategy, Experience & Engineering, Creative & Communications, Shopper Marketing & Activation, Media, Platforms & Technology."
Meridian Media Works,,Website Agency,Profiling,Website Development,,,
Merrick Creative,,Website Agency,Profiling,Website Development,,,
Merrick Creative Co.,,Website Agency,Profiling,Website Development,,,
Metrostudio,,Website Agency,Profiling,Website Development,,,"Miami-based integrated agency that blends traditional and creative marketing for real estate developers. We craft intelligent results with industry-defining solutions, strategic design and luxury branding. Our in-house team streamlines the process so you "
Mikell Ad + Design,,Website Agency,Profiling,Website Development,,,
Milesbrand,,Website Agency,Profiling,Website Development,,,
Millennium Marketing Solutions,,Website Agency,Profiling,Website Development,,,"At Millennium Marketing Solutions, we are more than just a marketing company. Since being founded in 1990, our primary goal has always been to effectively meet the marketing needs of every client while providing superior customer service. We take the time"
Mixed Media Creations,Susie Carter,Website Agency,Launch,Website Development,,Multi-family; Student,"Full-service marketing & design studio & international award-winning creative shop.  

Mixed Media Creations provide customized apartment marketing ideas that are tested and proven to be successful in a variety of communities. Their combined experience "
MLA Canada (McNeill Lalonde & Associates),,Needs Audited,Profiling,Website Development,,,
Modern Earth,,Website Agency,Profiling,Website Development,,,
Moniker Design,,Promo/Marketing,Profiling,Website Development,,,
Montana Steele Advertising Inc.,,Website Agency,Profiling,Website Development,,Build For Rent,
Moonlit Media,,Website Agency,Profiling,Website Development,,Single-Family Homes,We are a Pennsylvania-based design firm specializing in logo design and website design.
MPN Media & Marketing,,Website Agency,Profiling,Website Development,,,
Multifamily.digital,,Content; Website Agency,Profiling,Website Development,,,
MVC Agency,,Website Agency,Profiling,Website Development,,,
NDG Communications,,Website Agency,Profiling,Website Development,,Condos; Multi-family,"Created Brookfield Residential, Winchester Homes and Mid-Atlantic Builder's websites.

McWilliams Ballard = Sales, Duball = Builder"
Neptune Ventures,,Website Agency,Profiling,Website Development,,,
NerdStuds,,Website Agency,Profiling,Website Development,,,
New World Group,,Website Agency,Profiling,Website Development,,,
Nextsulting,,Website Agency,Profiling,Website Development,,,
No Walls Studio,,Website Agency,Profiling,Website Development,,,"No Walls Studio hospitality, and placemaking brands are developed, created, and realized by research, planning, marketing, brand design, creating for architectural spaces, and brand development activation are all parts of they do. They tackle real estate "
OMG.re,,Website Agency,Profiling,Website Development,,,
One Design Company,,Website Agency,Profiling,Website Development,,,
One Shot Productions,,Website Agency,Profiling,Website Development,,,"One Shot Productions is a world-class digital marketing team specializing in producing engaging marketing assets throughout various digital mediums while implementing ground-breaking technology. With over $10 Billion in Real Estate captured, One Shot Prod"
"Orchard, Inc.",,Website Agency,Profiling,Website Development,,,
Oszie,,Website Agency,Profiling,Website Development,,,
Overlap Interactive,,Website Agency,Profiling,Website Development,,Build For Rent; Hospitality; Multi-family,Experts in Digital Strategy + Information Architecture + Design + Web/App Development + SEO/SEM/Paid Media
P11 Creative,,Website Agency,Profiling,Website Development,,,P11 is a boutique creative agency with a deep catalog of real estate experience dating back to 1989. Our dedicated line-up of talent has expertise in all stages of marketing from the initial brand vision through the final design execution and outreach. Fr
Paradigm Marketing & Creative,,Website Agency,Profiling,Website Development,,Multi-family,
People People,,Content; Website Agency,Profiling,Website Development,,,"DEI Creative is now People People, which is a brand strategy and interactive studio located in the heart of Seattle. They specialize in branding, print & packaging, and website design."
Perficient,,Website Agency,Profiling,Website Development,,,
Pink Dog Digital,,Website Agency,Profiling,Website Development,,,
Piston Mfg.,,Website Agency,Profiling,Website Development,,,"This website link goes to a crypto site, im going to remove from cadence."
Pixelwise Digital,,Website Agency,Profiling,Website Development,,Multi-family,
Plain Joe,,Website Agency,Profiling,Website Development,,,
Plus54,,Website Agency,Profiling,Website Development,,,
Poetic Systems,Brian Wei,Website Agency,Profiling,Website Development,,,"Poetic is a leading technology and strategic creative agency, based in Houston, Texas. The full service marketing agency leverages deep expertise in website and application development, branding, design, digital marketing, and project management to build"
Pollinate Marketing,,Website Agency,Profiling,Website Development,,,
Popgun Media,,Website Agency,Profiling,Website Development,,Multi-family; Retail,
Potent Studio,,Website Agency,Profiling,Website Development,,,"potent.studio is a digital product agency in St.George, Utah that focuses on strategy, concepts and design. We are a creative production partner able to map the journey from ‚ÄúWhat If?‚Äù to what's best for your brand. 
 
 We‚Äôre an ideal match if you w"
Prelude,,Website Agency,Profiling,Website Development,,,
PRIMARY,,Website Agency,Profiling,Website Development,,,
Primary360,,Website Agency,Profiling,Website Development,,,
Prismatic,John Cox,Website Agency,Active,Website Development,,Build For Rent; Multi-family; Self-Storage; Single-Family Homes,
Prismic,,Website Agency,Profiling,Website Development,,,"AMLI's corporate site developer - https://www.amli.com/apartments/denver/glendale-denver-apartments/amli-cherry-creek/floorplans
 
Good two-tab integration, uses BetterBot for scheduling"
Prodigitude,,Website Agency,Profiling,Website Development,,,"We are your full-service creative source and internet marketing company. From digital branding to website creation, social media management, and even complete digital marketing strategy with machine learning and analytics - we do it for you!"
Proof Branding,,Website Agency,Profiling,Website Development,,,"""
WHAT WE DO
CREATIVE SERVICES FOR BRANDS BIG & SMALL
A strong brand needs a strong purpose. We’re here to uncover yours. Through our intentional brand development process, we ensure our clients are (always) putting their best foot forward."""
Propertyshelf,,Website Agency,Profiling,Website Development,,,
Proportion Design,,Website Agency,Profiling,Website Development,,,
Proverb Agency,,Website Agency,Profiling,Website Development,,,
Pursu Agency,,Website Agency,Profiling,Website Development,,,
Q7 Associates,,Website Agency,Profiling,Website Development,,,
Qburst,,Fee Transparency; Website Agency,Profiling,Website Development,,,QBurst is a full-service software solutions provider that works with clients to maximize the effectiveness of their business through the adoption of digital technology.
RapidSoft Solutions,,Fee Transparency,Implementation,Website Development,,,"Since 2008, RapidSoft Solutions has been developing innovative tools to help leasing staff post ads on Craigslist quickly and easily. What started out as a simple posting tool has grown into a fully-fledged user application that fully integrates with majo"
Rare Bird,,Website Agency,Profiling,Website Development,,,
Rarity Marketing and Design,,Content; Website Agency,Profiling,Website Development,,,"Rarity is a marketing agency that works with many vendors, like fortress. Emily is working with Apex as the quarterback to get their website and branding set up."
Razz Interactive,Craig Maness,Fee Transparency; Website Agency,Implementation,Website Development,,,
Real Geeks LLC,,Website Agency,Profiling,Website Development,,Multi-family,
Realty Tech,,Website Agency,Profiling,Website Development,,,Real Estate Agent Websites & Marketing
Rebel Websites,,Website Agency,Profiling,Website Development,,,
Recycling Media,,Website Agency,Profiling,Website Development,,,
Red Bar,,Content,Profiling,Website Development,,,
Red Door Interactive,,Website Agency,Profiling,Website Development,,,"Red Door Interactive is now a full-service marketing agency, with resources all over the globe. We pride ourselves in being data-driven in everything we do, and have been nationally recognized over the years for both our work and our awesome workplaces."
Red Propeller Inc,,Website Agency,Profiling,Website Development,,Multi-family; Single-Family Homes,
Red Thinking,,Website Agency,Profiling,Website Development,,,
Relume,,Website Agency,Profiling,Website Development,,,
Rent Bridge,,Website Agency,Profiling,Website Development,,,Rent Bridge gives you all the tools you need to run effective inbound marketing campaigns and is the only HubSpot Certified Partner who specializes in working exclusively with residential property management companies.
Rent Hunter Chicago,,Website Agency,Profiling,Website Development,,,
RentPress,,Fee Transparency,Profiling,Website Development,,,"Multifamily digital marketing made easy.
Create an amazing apartment website and gain more qualified leads in just a few clicks."
Rentsync,,Website Agency,Profiling,Website Development,,,"Rentsync transforms multifamily marketing from a cost center to a revenue driver. The company offers website design, digital advertising, lease-up marketing, and creative services. Rentsync formerly Landlord Web Solutions which was founded in 2010 and bas"
RentVision,,Website Agency,Profiling,Website Development,,,RentVision offers an apartment marketing system built on transparency to apartment communities and property management companies.
Resi,Grady Newman,Website Agency,Active,Website Development,,Multi-family; Senior Living,"Apartment websites, digital advertising, lease up marketing and more. All in one place."
Resident360,Josh Grillo,Website Agency,Active,Website Development,,Affordable Housing; Multi-family; Self-Storage; Senior Living; Student,"Resident360 is a full-service marketing agency for multifamily. Our focus is to help you build your brand, traffic and occupancy through high impact marketing.
 
 -Apartment Website Design & Development
 
 -Property Management & Corporate Websites
 
 -Bra"
Resite,Jaime Lyle,Website Agency,Launch,Website Development,,,Our goal is to provide the essentials of having a digital presence so that your property managers can focus on their day-to-day responsibilities.
Results Repeat,,Website Agency,Profiling,Website Development,,,"Our passion for helping companies access affordable, impactful digital marketing, and maximize online leads and sales, drives every decision we make on product and service development. Along with website design, search engine optimization (SEO), pay per c"
Revel,,Website Agency,Profiling,Website Development,,,
Revel Web Design and Marketing,,Website Agency,Profiling,Website Development,,,
RevLocal,,Website Agency,Profiling,Website Development,,,
RFTB,,Website Agency,Profiling,Website Development,,,
Rise Marketing,,Website Agency,Profiling,Website Development,,,
Rode Advertising,,Website Agency,Profiling,Website Development,,Multi-family; Single-Family Homes,"No longer in business. 

Strategy, branding, identity, art direction, packaging, photography, advertising, gallery experiences, film, animation, media, websites."
Rumspeed,,Website Agency,Profiling,Website Development,,,
Sage Age Strategies,,Website Agency,Profiling,Website Development,,,
Sapient Razorfish,,Website Agency,Profiling,Website Development,,,
Satorix,,Website Agency,Profiling,Website Development,,,
Senior Living SMART,,Website Agency,Profiling,Website Development,,,
Severin Group,,Promo/Marketing,Profiling,Website Development,,,
Shelley Media Arts LLC,,Website Agency,Profiling,Website Development,,,
"Shook Kelley, Inc.",,Website Agency,Profiling,Website Development,,Hospitality; Retail,
Show My Property TV,,Content,Profiling,Website Development,,,"·  Video, Photography and DigiStage 
·  Social Media
·  Virtual Reality
·  Renderings, 3D Floor Plans and Animated Walkthroughs
·  Lease-Up Packages"
Sidecar Public Relations,,Data Integration; Website Agency,Profiling,Website Development,,,
Simply Ducky Designs,,Website Agency,Profiling,Website Development,,,
SixwasNine,,Website Agency,Profiling,Website Development,,Condos; Multi-family,"A boutique communications and creative collective specializing in the strategic positioning of premium spaces, places and experiences."
Sketch Design Co.,,Promo/Marketing,Profiling,Website Development,,,"We specialize in interior design for both residential homes & boutique commercial spaces. We work with you to create one-of-a-kind spaces that are inviting, sophisticated & timeless."
Sleeping Giant Creative,,Website Agency,Profiling,Website Development,,,
Small Giants,,Website Agency,Profiling,Website Development,,,
SmartBug Media,,Website Agency,Profiling,Website Development,,,
Social Fire Media,,Website Agency,Profiling,Website Development,,,
SoMe Connect,,Data Integration,Profiling,Website Development,,,
Sommers Marketing,,Website Agency,Profiling,Website Development,,,
Spacecraft Inc,,Website Agency,Profiling,Website Development,,Camping; Multi-family,"Small Business Websites, Responsive Web Design, Content Management System, Web Publishing Platform, Adaptive Web Design, and Structured Data"
Span,,Website Agency,Profiling,Website Development,,,"Span is a studio crossing the boundaries of communication design in all mediums.

Our work is focused on challenging expectations with wit, logic, and a playful spirit. Blending typographic discipline with fearless expression, we elevate the role of the"
SPINE,,Content,Profiling,Website Development,,,"SPINE bring ideas to life through the creation of photorealistic 3D renderings, animation, interactive presentations, VR applications, & video production services. They cater to a number of high-profile clients including Sandals, T-Mobile, and the Discove"
Spoke,,Website Agency,Profiling,Website Development,,,
Sprout Marketing,,Website Agency,Profiling,Website Development,,,
Square Feet Design,,Website Agency,Profiling,Website Development,,,
ST8MNT BRAND AGENCY,,Website Agency,Profiling,Website Development,,,
Stand and Stretch,,Website Agency,Profiling,Website Development,,,"No Multi-Family on website, removing from cadence"
Stein IAS,,Website Agency,Profiling,Website Development,,,
Stitch Design Co,,Website Agency,Profiling,Website Development,,,
Stone Group Inc.,,Website Agency,Profiling,Website Development,,Condos; Single-Family Homes,
Store Local Inc,,Website Agency,Profiling,Website Development,,,"Storelocal is a provider of storage and warehousing solutions for personal, business, military and vehicle storage."
Straightnorth,,Website Agency,Profiling,Website Development,,,
Strawberry Brand Studio,,Website Agency,Profiling,Website Development,,,
Streamworks,Stephanie Rieland,Website Agency,Active,Website Development,,,"Streamworks acquired Imagewerks Marketing in 2024. 

Fully integrated creative services and digital marketing agency."
StreetSense,,Website Agency,Profiling,Website Development,,,"Streetsense is a creative collective with global reach, committed to crafting well-rounded strategies and promoting diverse perspectives."
Studio: The Global Creator,,Website Agency,Profiling,Website Development,,,
Studio 2108,,Website Agency,Profiling,Website Development,,,
Studio 3 Architeture,,Website Agency,Profiling,Website Development,,Education; Healthcare; Industrial; Multi-family,"Studio 3 Architecture is a 20+ year-old firm with a rather varied portfolio encompassing mixed-use and multifamily housing, single-family housing, office, retail, religious, and various public projects. Our portfolio showcases an extensive range of projec"
Studio Fabric,,Website Agency,Profiling,Website Development,,,
Studio Science,,Website Agency,Profiling,Website Development,,Hospitality; Retail,
Sunburst Property Marketing,Christiana Coffman,Website Agency,Active,Website Development,,,
Superpath,,Website Agency,Profiling,Website Development,,Multi-family; Needs Audited,
Swifty,,Website Agency,Profiling,Website Development,,Multi-family,"Criterion.b is the marketing and branding agency. Anything digital (i.e. websites) should be linked to Swifty. 

Swifty does offer a ""free interactive map"" for their websites but also integrates with SightMap. Working on formal partnership strategy. - M"
Swimming Aardvark,,Website Agency,Profiling,Website Development,,,No Multi Family on Website - removing from cadence
Talon Digital,,Website Agency,Profiling,Website Development,,,"We Are Digital Engineers, NOT another digital ad agency. We bring omnichannel digital awareness to the multifamily and broader real estate industry. Our detailed attribution approach allows for truly informed property-specific omnichannel digital strategi"
Tegan,,Website Agency,Profiling,Website Development,,,Very basic integration - https://thelegacyseniorcommunities.org/legacywillowbend/independent-living/
Tegan Digital,,Website Agency,Profiling,Website Development,,,
Tekzenit,,Unit Map Consumer (SYN); Website Agency,Profiling,Website Development,,,
TEN7,,Website Agency,Profiling,Website Development,,,
Tenderling,,Content; Website Agency,Profiling,Website Development,,,
The 215 Guys,,Website Agency,Profiling,Website Development,,,
The Atkins Group,,Website Agency,Profiling,Website Development,,,
The Bokka Group,,Promo/Marketing,Profiling,Website Development,,,
The Dealio Marketing,,Website Agency,Profiling,Website Development,,,
The Design Group,,Website Agency,Profiling,Website Development,,,"The Design Group has been creating tailor-made digital marketing solutions for our clients for well over a decade. We pride ourselves on developing thorough, well-planned, integrated digital strategies that are visually appealing, highly customizable, and"
The Mandala Agency,,Website Agency,Profiling,Website Development,,,
The Marketing Practice,,Investor,Profiling,Website Development,,,90octane is a Colorado-based digital agency that builds marketing programs rooted in the science of trust. Brands win when they build Trust in Change.
The Point Group,,Website Agency,Profiling,Website Development,,,Point is a full-service marketing agency built for fueling business. We distill complex ideas into memorable work that gets results.
The Rally Co,,Website Agency,Profiling,Website Development,,,"We’re a brand ally. When companies need their marketing to inspire action we meet them with organization, strategy, creativity, and above all else, agility. We dive in to create powerful ideas & execute them across all media all to help you grow, gain, an"
The Tiber Group,,Data Integration,Profiling,Website Development,,Senior Living,
THIRDinteractive,,Fee Transparency; Website Agency,Profiling,Website Development,,Multi-family; Office; Retail,"THIRDinteractive is an interactive services firm based in Dallas, Texas. We specialize in building customized solutions for clients in the online, social, and mobile spaces. While our approach is to always lead with an innovative mindset, we are focused"
Thirst,,Content; Website Agency,Profiling,Website Development,,Hospitality; Multi-family,"Thirst
1988–2019
After 31 years, the design practice Thirst is closing.

Thirst founder Rick Valicenti will begin again outside the current office with a network of local and global collaborators, while his former partners, John Pobojewski and Bud Rod"
ThomasARTS,,Content,Profiling,Website Development,,,
Three Ring Focus,,Website Agency,Profiling,Website Development,,,"Our philosophy at Three Ring Focus is a simple one: Deliver a quality product, at a quality price and have fun doing it.

That might seem overly simplified to you but to us it’s important. Unfortunately in today’s business landscape common sense seems t"
Threshold Agency,,Website Agency,Profiling,Website Development,,Multi-family; Senior Living,"We are real estate marketers who know how to make an impact through design, creativity, conversation, and execution. Our clients own and manage over 4,000 communities across North America and our solutions have resonated with their customers. We use calcu"
TourVista,,Website Agency,Profiling,Website Development,,,
tri-plicity,,Website Agency,Profiling,Website Development,,Healthcare; Multi-family; Retail,
True Fit Marketing,,Data Integration,Profiling,Website Development,,,
Twenty2 Creative,,Website Agency,Profiling,Website Development,,,
TwoLips Creative,,Website Agency,Profiling,Website Development,,,
Uncomn Projects,Kara Scofield,Website Agency,Launch,Website Development,,,"Real Estate Marketing, Real Estate Branding, Marketing, Advertising, Graphic Design, Web Design, Consumer Insight, Digital Marketing, Marketing Collateral, Consumer Experience Design, Market Studies, Social Media, Strategy, Email Marketing, SEO, and more"
Uniguest,,Content,Profiling,Website Development,,,"Uniguest is the most trusted provider of digital engagement and digital signage technology for guests, residents, customers, students, patients, fans, and employees in the markets we serve; engaging audiences in a secure way.

Platforms include Touchtow"
Union Street Media,,Website Agency,Profiling,Website Development,,,
United Landmark Associates,,Website Agency,Profiling,Website Development,,Condos; Hospitality; Multi-family; Senior Living,
Unsung Web Design,,Website Agency,Profiling,Website Development,,Multi-family,
UpShift Creative,Nicholas Staal,Website Agency,Active,Website Development,,,"UpShift is a strategic branding & design agency with teams in Chicago and Los Angeles. We create award-winning brand identities, web site design, brochures, sales collateral, social media marketing, and advertising for BtoB and BtoC businesses in real est"
Upshot Inc,,Website Agency,Profiling,Website Development,,,
Velir,,Content; Website Agency,Profiling,Website Development,,,"We’re a digital agency based in Somerville, MA with 20 years of experience crafting innovative digital solutions for inspiring clients who make a difference in the world. We partner with inspirational clients in a variety of industries, but we have extens"
Viewport Archviz,Israel Mendoza,Content,Profiling,Website Development,,,
Virtual Leasing Systems,,Website Agency,Profiling,Website Development,,,
Visceral Ore,,Promo/Marketing,Profiling,Website Development,,,
Vision Creative Inc,,Website Agency,Profiling,Website Development,,,
Visual101,Maja Randall,Website Agency,Active,Website Development,,,Boutique design and visual communication firm specializing in building brand identities and marketing for commercial real-estate development.
VISUALHOUSE,,Website Agency,Profiling,Website Development,,,
VYBE Marketing & Media,,Website Agency,Profiling,Website Development,,,
Walker Brands,,Content,Profiling,Website Development,,,
Watson NYC,,Website Agency,Profiling,Website Development,,Hospitality; Multi-family,
WebListers,,Fee Transparency; Website Agency,Launch,Website Development,,,"Weblisters is an Internet marketing service designed for property management, specialized in automating the posting of apartment listings, including to platforms like Craigslist. It acts as a timesaving,, passive tool for leasing agents by offering featur"
WebPixel Pro,,Website Agency,Profiling,Website Development,,,
Website Muscle,,Website Agency,Profiling,Website Development,,,
Websites By David,,Website Agency,Profiling,Website Development,,,
Websults,,Website Agency,Profiling,Website Development,,,
WebTechs,,Website Agency,Profiling,Website Development,,,
Web Weaving,,Website Agency,Profiling,Website Development,,,
West Edge Collective,,Website Agency,Profiling,Website Development,,,
WhatCounts,,Website Agency,Profiling,Website Development,,,
White Fern LLC,Teague Nelson,Website Agency,Launch,Website Development,,,
Wicked Think Marketing,,Website Agency,Profiling,Website Development,,,
Wickley Worldwide,,Content,Profiling,Website Development,,,
"Wildfire, LLC",,Website Agency,Profiling,Website Development,,,
Will Gunderson Creative,,Website Agency,Profiling,Website Development,,,"Will Gunderson is a freelancer - experience with designing and art directing for all mediums‚Äîfrom brochures to broadcast. I'm most passionate about designing brand experiences which include an identity creation or rebrand, supporting marketing materials"
WinCorp,,Content,Profiling,Website Development,,,"Wincorp is an experience creative agency in Raleigh, NC which offers marketing, design, and development services. Their products include SEO, web design, web development, and marketing strategy."
Wix,,Website Agency,Profiling,Website Development,,,
Worboys Design,,Website Agency,Profiling,Website Development,,,
Wpromote,,Fee Transparency; Website Agency,Active,Website Development,,Multi-family; Retail,"Wpromote is a top independent marketing agency that challenges convention to accelerate growth for brands. We believe every client, including legacy enterprise brands like Whirlpool, category leaders like Spanx, and fast-growing DTCs like Vuori, can maxim"
Yelle Bell Designs,,Website Agency,Profiling,Website Development,,Condos; Multi-family,
Yellow Duck Marketing,,Website Agency,Profiling,Website Development,,,Yellow Duck Marketing provides a variety of integrated marketing services in-house. They focus on real estate and rezonings as well as nonprofits and associations.
Yoko Co,,Website Agency,Profiling,Website Development,,,
YYZ Marketing,,Investor,Profiling,Website Development,,,
Zbra Studios,,Website Agency,Profiling,Website Development,,Multi-family,
Zee Creative,,Website Agency,Profiling,Website Development,,,
Zipcode Creative,Stacey Feeney,Website Agency,Profiling,Website Development,,,
AB Sketches,,Website Agency,Profiling,Website Development,,Hospitality; Multi-family; Senior Living,"Visual Marketing - visualization, interactive, branding, strategy."
Apartment Factor LLC,Hannah Swann,Website Agency,Active,Website Development,,,
Arnold Imaging,,Content,Profiling,Website Development,,Condos; Hospitality; Multi-family; Senior Living,"Arnold Imaging offers vivid architectural imaging and marketing solutions including immersive virtual reality experiences, high-fidelity virtual photos, animated/lifestyle videos and more. They also offer an interactive leasing application and marketing d"
Authentic Form and Function,,Website Agency,Profiling,Website Development,,,"We elevate your CRE company and associated development projects with creative and digital services. How? Through high-touch strategy, branding, web design, PPC, lease-ups, and more. Plus, tools we've built to improve the urban development process."
Branden W,,Content; Website Agency,Launch,Website Development,,,Branden Wermers is a creative studio focused on brand strategy and creative direction. The official site describes its work as “cohesive execution” under “one vision.”
Casey Creative,,Website Agency,Profiling,Website Development,,Education; Entertainment; Healthcare; Hospitality; Industrial; Needs Audited; Retail,"PROMOTIONAL PRODUCTS: Creating successful marketing campaigns centered around high quality, well thought out promotional products. 
 
 
 
 PRINT: Creating print pieces that will stand the test of time, make a statement and clearly communicate a message. Y"
Cuzma Hub,,Outbound Links; Promo/Marketing; Website Agency,Profiling,Website Development,,Hospitality; Multi-family; Office; Retail,"Cuzma Hub For Marketing Management L.L.C is a Dubai-based creative marketing and digital agency providing brand strategy, visual identity, content creation, social media management, performance marketing, SEO, web design and development, and media product"
Evolution Virtual,,Content; Fee Transparency; Unit Map Consumer (SYN),Launch,Website Development,,,"Evolution Virtual creates the world's leading marketing tools for luxury real estate. We have worked with visionary developers, brokerages, marketing firms and architects from around the globe to communicate and inspire. Together, our developments have so"
GPIntelligence,,Website Agency,Profiling,Website Development,,,
InResi,,Fee Transparency,Implementation,Website Development,,,"IN/RESI’s first-of-kind solution for real estate marketing uses 3D, interactive experiences and tailored content to drive leasing and unlock new revenue opportunities"
ISOM Collective,,Website Agency,Profiling,Website Development,,,ISOM Collective is a fully integrated design collective based in Kansas City and New York.
Love & Company,,Content; Website Agency,Profiling,Website Development,,,"At Love & Company, we've helped more than 150 organizations fill their communities to capacity and keep them that way. We can do the same for you. We'll analyze what your market is looking for today, envision where your capacities can be tomorrow and help"
Machobear Studios Inc.,Tyler Yan,Fee Transparency; Unit Map Consumer (SYN); Website Agency,Profiling,Website Development,,Condos; Entertainment; Hospitality; Multi-family,"At Machobear, we let curiosity continuously refine our vision for the future. As digital crafters, we aim to realize this vision through creating new and exciting products.

Machobear Studios is a Vancouver-based multidisciplinary agency that provides m"
MRI Software,,Data Integration,Active,Website Development,,,"MRI Software is a leading provider of innovative real estate software applications and hosted solutions. Formerly VaultWare, which was acquired by MRI Software."
Neo Design,,Website Agency,Profiling,Website Development,,,
Nickerson,,Website Agency,Profiling,Website Development,,,"Nickerson is a full-service branding, marketing, and communications agency with offices in Boston, New York City, Miami, Los Angeles and London (coming soon). We also have team members located in San Diego and Chicago. Utilizing our unique blend of creati"
Omaha SEO Company,,Website Agency,Profiling,Website Development,,,"We are a team of SEO experts, web design wizards, social media masterminds, and online reputation management specialists. With MORE THAN 15 years of experience, we have developed a system that ensures the success of our clients."
OpenTech Alliance,Kristina Trujillo,Unit Map Consumer (SYN),Active,Website Development,,,Manufactures kiosks for use in self-storage facilities. Automation and call center services for self storage industry.
Project M Plus,,Website Agency,Profiling,Website Development,,Condos; Multi-family; Retail; Single-Family Homes,
Rent.,,Fee Transparency,Active,Website Development,,,"Rent (formerly RentPath) helps you easily connect with prospective renters by offering powerful digital marketing and leasing solutions.

Zillow syndicates fees to their rental network, including: Rent."
Rent Manager,,Data Integration,Launch,Website Development,,,"Property management, accounting, CRM, and work order management software suite that combines all the tools your business needs into one integrated system."
Roche Associates Inc,,Website Agency,Profiling,Website Development,,,"For the past 38 years, we have helped our clients:

Achieve their occupancy goals
Successfully test-market and develop senior living communities and nursing care centers that meet the needs of their marketplace
Fill new communities through pre-sales a"
SiteStaff Chat,,Data Integration; Unit Map Consumer (SYN),Profiling,Website Development,,,
"SPARGO, Inc.",,Promo/Marketing,Profiling,Website Development,,,
Spherexx,,Content; Data Integration; Website Agency,Profiling,Website Development,,,Spherexx provides lead and lease conversion management software to the multi-family industry.
Storman Software,,Website Agency,Profiling,Website Development,,,"Storman is the largest provider of storage management software in Australia and New Zealand, and is trusted by award-winning self storage facilities across the world. Storman is a subsidiary of Global Payments which is a publicly traded company that has o"
The Berman Group,,Data Integration; Website Agency,Profiling,Website Development,,,
The View,Zach Chiono,Content; Fee Transparency; SightMap Consumer (SYN); Website Agency,Active,Website Development,,,"Headquartered in Austin, TX with 100+ employees around the world, The View is a global provider of visualization and technology solutions with an emphasis on the real estate industry in North America. The team specializes in creating 2D images, 360° panor"
Union,,Outbound Links,Profiling,Website Development,,,
Von Design Company,,Website Agency,Profiling,Website Development,,Condos; Hospitality; Retail,"Von Design Company is a strategic design studio that develops unique brands that are memorable, and are proven to increase sales and generate revenue."
Waypoint,,Outbound Links; Unit Map Consumer (SYN),Profiling,Website Development,,,Formerly Aging Choices Pro - Waypoint helps fill your pipeline with highly qualified prospects. We do this with our Navigator solution that easily embeds right into your website. It provides a central location for your visitors to find the content they wa
WRK Partners,,Website Agency,Profiling,Website Development,,,
3DPlans,,Content; Contractor (to Engrain); Service Provider (for clients),Profiling,Website Development,,,"2D and 3D floor plans, site plans, interactive maps*, 3D walking tours + VR, 2D Furniture Decorator
*Also launching site map based kiosk product"
517 Search Labs,,Content; Promo/Marketing; Website Agency,Profiling,Website Development,,,"517 Search Labs is a small-business-focused interactive marketing agency offering customized online marketing, SEM, analytics/tracking, social media, media buying, brand, and web visibility services."
AppFolio,,Data Integration; Website Agency,Launch,Website Development,,,"Property Management Software / CRM, websites for small to midsize companies."
BetterNOI,,Content; Website Agency,Profiling,Website Development,,,"Leasing, Screening, Risk Management & Financial"
Digitas,,Fee Transparency,Profiling,Website Development,,,
Entrata,,Data Integration; Website Agency,Active,Website Development,,,Entrata provides property management software to the multifamily housing industry.
Fluency,,Fee Transparency,Implementation,Website Development,,,"Fluency is the first and only digital advertising operating system for organizations that manage complex paid media portfolios.

As the only solution that combines purpose-built Robotic Process Automation for Advertising with secure and integrated AI, F"
GoToMyApartment,,Website Agency,Profiling,Website Development,,,"Full stack digital marketing. Specializing in original content, branding, lead generation, social advertising."
Gryd,,Content; SightMap Consumer (SYN),Active,Website Development,,Build For Rent; Multi-family; Senior Living; Single-Family Homes; Student,"Vacancy Lists, 3D Matterport scanning, photography, videography, floor plans or virtual staging (loading furniture into un-staged 3D units) for Canadian Clients (QuadReal)"
Landlord Web Solutions,,Data Integration,Profiling,Website Development,,,
OneSeven Agency,,Website Agency,Profiling,Website Development,,Entertainment; Hospitality; Needs Audited; Retail,"We specialize in creating and executing comprehensive campaigns for restaurants, chef talent, hospitality, luxury real-estate, health & wellness, beauty, retail, nonprofit organizations, government agencies, entertainment, attractions, events and consumer"
PropMatic,Mark Schmulen,Fee Transparency; Promo/Marketing; SightMap REST API Consumer,Profiling,Website Development,,,"Our Solutions

Conversational Concierge
An AI-powered leasing assistant that lives on your website and delivers personalized experiences. It recommends units, answers questions with rich visuals, schedules tours, and creates detailed prospect profiles "
rezStream,Jeff Hebrink,Data Integration; Website Agency,Active,Website Development,,,"rezStream does everything for small hotels: data integrations for inventory, websites, business intelligence."
Rusty George Creative,,Website Agency,Profiling,Website Development,,Industrial; Infrastructure; Manufactured Housing,"A Well-Oiled Marketing Machine. We get you because those are the qualities that define us, too. So let‚Äôs partner to successfully market your business in a complex and constantly evolving B2B environment. As long as we both understand: there are no short"
"Tom, Dick and Harry Creative Agency",,Website Agency,Profiling,Website Development,,,Working directly with Mary and Bailey.
Unmaker Studio,,SightMap Consumer (SYN); Website Agency,Profiling,Website Development,,,
365 Connect,,Website Agency,Profiling,Website Development,,,"Transformative smart-tech solutions for rental housing. Services: theme gallery, imagery services, video marketing, creative services, implementation, integrations.
Unable to find email address other than support@365connect.com"
Bild & Company,,Unit Map Consumer (SYN),Profiling,Website Development,,Multi-family; Senior Living,"Bild & Co partners with seniors housing, active adult, and multi-family operators and investors to offer full-service, strategic support designed to accelerate operational and revenue performance: what we call Mission & Margin. With unparalleled expertise"
DCW Design,,Website Agency,Profiling,Website Development,,Affordable Housing; Entertainment; Hospitality; Office; Retail,"Specialize in branding for hospitality, real estate, luxury and retail brands across all mediums (print, digital + social). Working independently or with teams and agencies.
 
 
 
 Services: Branding/Brand Positioning, Art/Design Direction, Web/Interactiv"
Simply Styled Sites,,Website Agency,Profiling,Website Development,,Data Center; Infrastructure; Needs Audited; Office,"We provide simple to use, beautifully styled, modern websites to grow your business. We‚Äôre here to ease your mind, reduce stress, and increase your web presence through a collaborative learning process."
Weidert Group Inc,,Website Agency,Profiling,Website Development,,Needs Audited,"Weidert Group is a full-service inbound agency and HubSpot Diamond Partner focused on generating and closing leads for businesses in complex industries. Our expertise spans the complete range of services needed to execute a comprehensive, integrated inbou"
GRO,,Website Agency,Profiling,Website Development,,Data Center; Healthcare; Hospitality; Industrial; Multi-family; Needs Audited; Office; Retail; Student,"We are a team of marketers, strategists, and creatives collaborating to help growing businesses reach the next level. Whether you‚Äôre starting out or starting over, GRO has the experience, expertise and resources to help you get there."
Multi-Family Pro,,Website Agency,Profiling,Website Development,,,
REPLI,Vance Exstrom,Website Agency,Launch,Website Development,,,REPLI is a full-service property tech company that develops custom software solutions to multifamily organizations while also offering on-demand marketing services handled by our in-house agency team. Essentially a one-stop shop for multifamily apartment 